time,OAT C,OAH %,WS M/S,WD,SOLDIF W/M2,SOLDIR W/M2,HWOEN C,PPD(PRCD) %,MULSSP C,IAT C,IATSSP C,OCCP,HTDMD KW,AMVRAW_0,AMVRAW_1,AMVRAW_2,AMVRAW_3,AMVRAW_4,AMVRAW_5,AMVRAW_6,AMVRAW_7,AMVRAW_8,AMVRAW_9,AMVRAW_10,AMVRAW_11,AMVRAW_12,AMVRAW_13,AMVRAW_14
2018-01-30 15:04:34.656284,-6.516666666666667,75.0,3.7551360000000003,292.0,81.71979509619125,5.910204903808754,10.0,0.0,48.729905,22.203992222222222,22.22222222222222,1,37.570244,2.0,2.0,2.0,2.0,2.0,2.0,2.0,2.0,2.0,2.0,2.0,2.0,2.0,2.0,2.0
2018-01-30 15:05:36.596206,-6.516666666666667,75.0,3.7551360000000003,292.0,81.57752404030458,5.962475959695427,10.0,3.3333333333333335,48.729905,22.207993333333334,22.22222222222222,1,37.317734,3.0,2.0,2.0,2.0,2.0,2.0,2.0,2.0,2.0,2.0,2.0,2.0,2.0,2.0,2.0
2018-01-30 15:10:43.552186,-6.516666666666667,75.0,3.7551360000000003,292.0,86.53357523728405,7.826424762715949,10.0,0.0,48.62989611111111,22.207993333333334,22.22222222222222,1,26.286734722222224,2.0,2.0,2.0,2.0,2.0,2.0,2.0,2.0,2.0,2.0,2.0,2.0,2.0,2.0,2.0
2018-01-30 15:15:50.605583,-6.516666666666667,75.0,3.7551360000000003,292.0,86.97683542738532,8.65316457261468,10.0,0.0,48.68989333333333,22.199995,22.22222222222222,1,34.85773355555555,2.0,2.0,2.0,2.0,2.0,2.0,2.0,2.0,2.0,2.0,2.0,2.0,2.0,2.0,2.0
2018-01-30 15:20:57.451144,-6.705555555555556,75.800003,2.2799039999999997,284.0,75.67355014118355,5.89644985881645,10.0,0.0,48.729905,22.203992222222222,22.22222222222222,1,33.648113277777774,2.0,2.0,2.0,2.0,2.0,2.0,2.0,2.0,2.0,2.0,2.0,2.0,2.0,2.0,2.0
2018-01-30 15:26:04.392993,-6.705555555555556,75.800003,2.2799039999999997,284.0,65.0201807177412,3.9198192822588127,10.0,0.0,48.87978444444444,22.207993333333334,22.22222222222222,1,38.24825816666667,2.0,2.0,2.0,2.0,2.0,2.0,2.0,2.0,2.0,2.0,2.0,2.0,2.0,2.0,2.0
2018-01-30 15:31:12.056996,-6.705555555555556,75.800003,2.2799039999999997,284.0,64.5287534907166,4.181246509283403,10.0,0.0,48.899790555555555,22.19199277777778,22.22222222222222,1,34.15378750000001,2.0,2.0,2.0,2.0,2.0,2.0,2.0,2.0,2.0,2.0,2.0,2.0,2.0,2.0,2.0
2018-01-30 15:36:18.816991,-6.705555555555556,75.800003,2.2799039999999997,284.0,71.10979249333688,6.350207506663113,10.0,0.0,48.93978111111111,22.207993333333334,22.22222222222222,1,44.741283444444456,2.0,2.0,2.0,2.0,2.0,2.0,2.0,2.0,2.0,2.0,2.0,2.0,2.0,2.0,2.0
2018-01-30 15:41:26.498442,-6.705555555555556,75.800003,2.2799039999999997,284.0,71.4705348542773,7.199465145722688,10.0,0.0,48.91979666666666,22.19199277777778,22.22222222222222,1,29.827281111111105,2.0,2.0,2.0,2.0,2.0,2.0,2.0,2.0,2.0,2.0,2.0,2.0,2.0,2.0,2.0
2018-01-30 15:46:33.484989,-6.705555555555556,75.800003,2.2799039999999997,284.0,69.36021445787378,7.289785542126222,10.0,0.0,48.93978111111111,22.195993888888886,22.22222222222222,1,30.819628333333338,2.0,2.0,2.0,2.0,2.0,2.0,2.0,2.0,2.0,2.0,2.0,2.0,2.0,2.0,2.0
2018-01-30 15:51:40.780992,-6.705555555555556,75.800003,2.2799039999999997,284.0,67.74966810661597,7.610331893384023,10.0,0.0,49.039789999999996,22.187991666666665,22.22222222222222,1,39.47739266666667,2.0,2.0,2.0,2.0,2.0,2.0,2.0,2.0,2.0,2.0,2.0,2.0,2.0,2.0,2.0
2018-01-30 15:56:47.960989,-6.5777777777777775,76.099998,2.503424,309.0,66.42229178162978,8.127708218370222,10.0,0.0,48.95978722222222,22.187991666666665,22.22222222222222,1,35.85585,2.0,2.0,2.0,2.0,2.0,2.0,2.0,2.0,2.0,2.0,2.0,2.0,2.0,2.0,2.0
2018-01-30 16:01:55.453023,-6.5777777777777775,76.099998,2.503424,309.0,64.84385984370779,8.646140156292198,10.0,0.0,48.83781833333333,22.175992222222224,22.22222222222222,1,34.16077027777778,2.0,2.0,2.0,2.0,2.0,2.0,2.0,2.0,2.0,2.0,2.0,2.0,2.0,2.0,2.0
2018-01-30 16:07:03.253031,-6.5777777777777775,76.099998,2.503424,309.0,58.02878668728936,6.751213312710633,10.0,0.0,48.91782111111111,22.171991111111108,22.22222222222222,1,43.022569000000004,2.0,2.0,2.0,2.0,2.0,2.0,2.0,2.0,2.0,2.0,2.0,2.0,2.0,2.0,2.0
2018-01-30 16:12:10.693001,-6.5777777777777775,76.099998,2.503424,309.0,45.66067735546367,3.459322644536332,10.0,0.0,48.97781777777777,22.159991666666667,22.22222222222222,1,22.700666555555554,2.0,2.0,2.0,2.0,2.0,2.0,2.0,2.0,2.0,2.0,2.0,2.0,2.0,2.0,2.0
2018-01-30 16:17:17.848992,-6.5777777777777775,76.099998,2.503424,309.0,36.86906424298478,2.0109357570152215,10.0,0.0,48.97781777777777,22.159991666666667,22.22222222222222,1,39.243226833333324,2.0,2.0,2.0,2.0,2.0,2.0,2.0,2.0,2.0,2.0,2.0,2.0,2.0,2.0,2.0
2018-01-30 16:22:25.004533,-6.233332777777778,71.099998,1.519936,310.0,38.344514525508075,2.685485474491937,10.0,0.0,48.957812222222216,22.163992777777782,22.22222222222222,1,33.161063999999996,2.0,2.0,2.0,2.0,2.0,2.0,2.0,2.0,2.0,2.0,2.0,2.0,2.0,2.0,2.0
2018-01-30 16:27:32.157038,-6.233332777777778,71.099998,1.519936,310.0,43.13626501103983,4.843734988960158,10.0,0.0,48.55509,22.167994444444442,22.22222222222222,1,33.62404172222223,2.0,2.0,2.0,2.0,2.0,2.0,2.0,2.0,2.0,2.0,2.0,2.0,2.0,2.0,2.0
2018-01-30 16:31:58.823449,-6.233332777777778,71.099998,1.519936,310.0,40.02295425089078,4.477045749109227,10.0,6.666666666666667,48.63509277777777,22.151993888888885,22.22222222222222,1,36.81404200000001,2.0,2.0,2.0,2.0,0.0,2.0,2.0,2.0,2.0,2.0,2.0,2.0,2.0,2.0,2.0
2018-01-30 16:37:06.113032,-6.233332777777778,71.099998,1.519936,310.0,34.21090672468897,3.249093275311029,10.0,0.0,48.77511333333333,22.123989444444447,22.22222222222222,1,40.787282999999995,2.0,2.0,2.0,2.0,2.0,2.0,2.0,2.0,2.0,2.0,2.0,2.0,2.0,2.0,2.0
2018-01-30 16:42:13.578657,-6.233332777777778,71.099998,1.519936,310.0,37.643090607841046,6.046909392158947,10.0,0.0,48.855095,22.107993333333333,22.22222222222222,1,33.71831861111111,2.0,2.0,2.0,2.0,2.0,2.0,2.0,2.0,2.0,2.0,2.0,2.0,2.0,2.0,2.0
2018-01-30 16:47:21.159368,-6.233332777777778,71.099998,1.519936,310.0,34.82225536527125,6.207744634728748,10.0,0.0,48.97508833333333,22.08399444444444,22.22222222222222,1,35.72494016666667,2.0,2.0,2.0,2.0,2.0,2.0,2.0,2.0,2.0,2.0,2.0,2.0,2.0,2.0,2.0
2018-01-30 16:52:28.544429,-6.483333333333334,71.199997,2.771648,306.0,27.47808357400905,3.521916425990949,10.0,0.0,49.13509388888889,22.051993333333336,22.22222222222222,1,39.152438166666656,2.0,2.0,2.0,2.0,2.0,2.0,2.0,2.0,2.0,2.0,2.0,2.0,2.0,2.0,2.0
2018-01-30 16:57:35.764999,-6.483333333333334,71.199997,2.771648,306.0,23.204306551898153,2.75569344810185,10.0,0.0,49.61288888888889,22.01199,22.22222222222222,1,30.540719,2.0,2.0,2.0,2.0,2.0,2.0,2.0,2.0,2.0,2.0,2.0,2.0,2.0,2.0,2.0
2018-01-30 17:02:43.128999,-6.483333333333334,71.199997,2.771648,306.0,20.72848510675737,2.8115148932426313,10.0,0.0,49.75286722222222,21.975992222222224,22.22222222222222,1,37.46023133333334,2.0,2.0,2.0,2.0,2.0,2.0,2.0,2.0,2.0,2.0,2.0,2.0,2.0,2.0,2.0
2018-01-30 17:07:50.797038,-6.483333333333334,71.199997,2.771648,306.0,17.317306807113592,2.4226931928864057,10.0,0.0,49.932878333333335,21.94399111111111,22.22222222222222,1,46.31116216666666,2.0,2.0,2.0,2.0,2.0,2.0,2.0,2.0,2.0,2.0,2.0,2.0,2.0,2.0,2.0
2018-01-30 17:12:57.904992,-6.483333333333334,71.199997,2.771648,306.0,13.528277399616398,1.8117226003836016,10.0,0.0,50.03288666666666,21.92799444444444,22.22222222222222,1,40.4022025,2.0,2.0,2.0,2.0,2.0,2.0,2.0,2.0,2.0,2.0,2.0,2.0,2.0,2.0,2.0
2018-01-30 17:18:04.869001,-6.483333333333334,71.199997,2.771648,306.0,10.244902066767805,1.435097933232194,10.0,0.0,50.13287444444445,21.90799277777778,22.22222222222222,1,30.970296944444442,2.0,2.0,2.0,2.0,2.0,2.0,2.0,2.0,2.0,2.0,2.0,2.0,2.0,2.0,2.0
2018-01-30 17:23:11.811288,-6.294444444444443,71.0,2.2799039999999997,291.0,7.014646035506777,1.0553539644932228,10.0,0.0,50.042991666666666,21.895989444444442,22.22222222222222,1,43.18801483333333,2.0,2.0,2.0,2.0,2.0,2.0,2.0,2.0,2.0,2.0,2.0,2.0,2.0,2.0,2.0
2018-01-30 17:28:19.268991,-6.294444444444443,71.0,2.2799039999999997,291.0,4.214254985510096,1.0257450144899045,10.0,0.0,50.20299722222222,21.859995555555557,22.22222222222222,1,35.54233994444444,2.0,2.0,2.0,2.0,2.0,2.0,2.0,2.0,2.0,2.0,2.0,2.0,2.0,2.0,2.0
2018-01-30 17:33:26.526560,-6.294444444444443,71.0,2.2799039999999997,291.0,0.0,4.1743075631519675,10.0,0.0,50.28299944444444,21.831991666666664,22.22222222222222,1,33.8416515,2.0,2.0,2.0,2.0,2.0,2.0,2.0,2.0,2.0,2.0,2.0,2.0,2.0,2.0,2.0
2018-01-30 17:38:33.756940,-6.294444444444443,71.0,2.2799039999999997,291.0,2.6284137575461095,0.09158624245389058,10.0,0.0,50.36300222222222,21.807997222222223,22.22222222222222,1,44.506021000000004,2.0,2.0,2.0,2.0,2.0,2.0,2.0,2.0,2.0,2.0,2.0,2.0,2.0,2.0,2.0
2018-01-30 17:43:40.505016,-6.294444444444443,71.0,2.2799039999999997,291.0,2.026759707933229,0.013240292066771029,10.0,0.0,50.482995555555554,21.783989999999996,22.22222222222222,1,40.50603338888889,2.0,2.0,2.0,2.0,2.0,2.0,2.0,2.0,2.0,2.0,2.0,2.0,2.0,2.0,2.0
2018-01-30 17:48:47.800995,-6.294444444444443,71.0,2.2799039999999997,291.0,1.7954133122454206,0.004586687754579584,10.0,0.0,50.643022222222214,21.763988333333334,22.22222222222222,1,30.8057255,2.0,2.0,2.0,2.0,2.0,2.0,2.0,2.0,2.0,2.0,2.0,2.0,2.0,2.0,2.0
2018-01-30 17:53:55.248994,-6.961111666666666,70.0,4.02336,286.0,1.3388600726294364,0.0011399273705638895,10.0,0.0,51.46374611111111,21.747991666666664,22.22222222222222,1,39.36079844444445,2.0,2.0,2.0,2.0,2.0,2.0,2.0,2.0,2.0,2.0,2.0,2.0,2.0,2.0,2.0
2018-01-30 17:59:02.406574,-6.961111666666666,70.0,4.02336,286.0,0.5599443563343472,5.564366565268322e-05,10.0,0.0,51.48375166666667,21.71599055555556,22.22222222222222,1,43.38704111111111,2.0,2.0,2.0,2.0,2.0,2.0,2.0,2.0,2.0,2.0,2.0,2.0,2.0,2.0,2.0
2018-01-30 18:04:09.504766,-6.961111666666666,70.0,4.02336,286.0,0.6099480428504958,5.1957149504200345e-05,10.0,0.0,51.663742222222226,21.70799277777778,22.22222222222222,1,42.85083788888888,2.0,2.0,2.0,2.0,2.0,2.0,2.0,2.0,2.0,2.0,2.0,2.0,2.0,2.0,2.0
2018-01-30 18:09:19.417140,-6.961111666666666,70.0,4.02336,286.0,0.4799808631058786,1.9136894121349623e-05,10.0,0.0,51.683726666666665,21.69199611111111,22.22222222222222,1,48.18247994444444,2.0,2.0,2.0,2.0,2.0,2.0,2.0,2.0,2.0,2.0,2.0,2.0,2.0,2.0,2.0
2018-01-30 18:14:26.169032,-6.961111666666666,70.0,4.02336,286.0,0.24999787444039104,2.12555960892816e-06,10.0,0.0,51.823747222222224,21.67999277777778,22.22222222222222,1,41.45650777777778,2.0,2.0,2.0,2.0,2.0,2.0,2.0,2.0,2.0,2.0,2.0,2.0,2.0,2.0,2.0
2018-01-30 18:19:33.274486,-6.961111666666666,70.0,4.02336,286.0,0.059999976230251995,2.3769748010034064e-08,10.0,0.0,51.86373833333334,21.663992222222223,22.22222222222222,1,27.61691227777778,2.0,2.0,2.0,2.0,2.0,2.0,2.0,2.0,2.0,2.0,2.0,2.0,2.0,2.0,2.0
2018-01-30 18:24:41.000994,-7.0888888888888895,75.199997,2.2799039999999997,282.0,0.189999374609487,6.253905130225613e-07,10.0,0.0,60.0,21.675991666666665,22.22222222222222,1,82.66901233333334,2.0,2.0,2.0,2.0,2.0,2.0,2.0,2.0,2.0,2.0,2.0,2.0,2.0,2.0,2.0
2018-01-30 18:29:48.057007,-7.0888888888888895,75.199997,2.2799039999999997,282.0,0.28999812254596397,1.8774540359765045e-06,10.0,0.0,52.005712777777774,21.68399388888889,22.22222222222222,1,79.80192216666666,2.0,2.0,2.0,2.0,2.0,2.0,2.0,2.0,2.0,2.0,2.0,2.0,2.0,2.0,2.0
2018-01-30 18:34:55.164991,-7.0888888888888895,75.199997,2.2799039999999997,282.0,0.2499989692335364,1.0307664636221926e-06,10.0,0.0,51.80571666666667,21.743994999999998,22.22222222222222,1,37.429563055555555,2.0,2.0,2.0,2.0,2.0,2.0,2.0,2.0,2.0,2.0,2.0,2.0,2.0,2.0,2.0
2018-01-30 18:40:02.657564,-7.0888888888888895,75.199997,2.2799039999999997,282.0,0.41999575358696833,4.246413031642998e-06,10.0,0.0,51.485727222222216,21.79599333333333,22.22222222222222,1,42.07632238888889,2.0,2.0,2.0,2.0,2.0,2.0,2.0,2.0,2.0,2.0,2.0,2.0,2.0,2.0,2.0
2018-01-30 18:45:10.200994,-7.0888888888888895,75.199997,2.2799039999999997,282.0,0.6399867962031421,1.3203796857790557e-05,10.0,0.0,51.24569777777778,21.83598833333333,22.22222222222222,1,26.95631922222223,2.0,2.0,2.0,2.0,2.0,2.0,2.0,2.0,2.0,2.0,2.0,2.0,2.0,2.0,2.0
2018-01-30 18:50:17.716046,-7.0888888888888895,75.199997,2.2799039999999997,282.0,0.919965187832976,3.4812167023998566e-05,10.0,0.0,51.185701111111115,21.85999111111111,22.22222222222222,1,30.401217944444447,2.0,2.0,2.0,2.0,2.0,2.0,2.0,2.0,2.0,2.0,2.0,2.0,2.0,2.0,2.0
2018-01-30 18:55:24.789030,-6.9,71.300003,1.743456,296.0,0.8799727468011621,2.7253198837911202e-05,10.0,0.0,50.75584388888888,21.875991666666664,22.22222222222222,1,38.04015533333333,2.0,2.0,2.0,2.0,2.0,2.0,2.0,2.0,2.0,2.0,2.0,2.0,2.0,2.0,2.0
2018-01-30 19:00:32.269022,-6.9,71.300003,1.743456,296.0,0.5199949361529004,5.063847099691249e-06,10.0,0.0,50.81584055555555,21.859995555555557,22.22222222222222,1,35.83219916666666,2.0,2.0,2.0,2.0,2.0,2.0,2.0,2.0,2.0,2.0,2.0,2.0,2.0,2.0,2.0
2018-01-30 19:05:39.636994,-6.9,71.300003,1.743456,296.0,0.5299951334688404,4.866531159478043e-06,10.0,0.0,50.85583166666667,21.851993333333336,22.22222222222222,1,37.17199372222222,2.0,2.0,2.0,2.0,2.0,2.0,2.0,2.0,2.0,2.0,2.0,2.0,2.0,2.0,2.0
2018-01-30 19:10:46.808996,-6.9,71.300003,1.743456,296.0,0.5199958026173112,4.1973826888084384e-06,10.0,0.0,50.875837777777775,21.83199555555555,22.22222222222222,1,44.062050222222226,2.0,2.0,2.0,2.0,2.0,2.0,2.0,2.0,2.0,2.0,2.0,2.0,2.0,2.0,2.0
2018-01-30 19:15:54.492994,-6.9,71.300003,1.743456,296.0,0.5999940786850145,5.921314985402893e-06,10.0,0.0,51.075855,21.811989444444446,22.22222222222222,1,39.263929833333336,2.0,2.0,2.0,2.0,2.0,2.0,2.0,2.0,2.0,2.0,2.0,2.0,2.0,2.0,2.0
2018-01-30 19:21:02.019206,-6.9,71.300003,1.743456,296.0,0.7899875224545946,1.2477545405383145e-05,10.0,0.0,51.015836666666665,21.79599333333333,22.22222222222222,1,30.280305555555554,2.0,2.0,2.0,2.0,2.0,2.0,2.0,2.0,2.0,2.0,2.0,2.0,2.0,2.0,2.0
2018-01-30 19:26:09.405031,-6.833332777777778,68.599998,2.01168,286.0,0.06999999196479194,8.035208076824599e-09,10.0,0.0,51.075855,21.783989999999996,22.22222222222222,1,36.40675000000001,2.0,2.0,2.0,2.0,2.0,2.0,2.0,2.0,2.0,2.0,2.0,2.0,2.0,2.0,2.0
2018-01-30 19:31:16.756993,-6.833332777777778,68.599998,2.01168,286.0,0.0,0.0,10.0,0.0,51.04176833333334,21.783989999999996,22.22222222222222,1,36.26139066666667,2.0,2.0,2.0,2.0,2.0,2.0,2.0,2.0,2.0,2.0,2.0,2.0,2.0,2.0,2.0
2018-01-30 19:36:24.016989,-6.833332777777778,68.599998,2.01168,286.0,0.23999971814801846,2.8185198155611137e-07,10.0,0.0,51.12177111111111,21.771990555555554,22.22222222222222,1,38.72570811111112,2.0,2.0,2.0,2.0,2.0,2.0,2.0,2.0,2.0,2.0,2.0,2.0,2.0,2.0,2.0
2018-01-30 19:41:31.512462,-6.833332777777778,68.599998,2.01168,286.0,0.36999903125418765,9.687458124149516e-07,10.0,0.0,51.30176111111111,21.751988888888892,22.22222222222222,1,43.96356605555556,2.0,2.0,2.0,2.0,2.0,2.0,2.0,2.0,2.0,2.0,2.0,2.0,2.0,2.0,2.0
2018-01-30 19:46:38.720995,-6.833332777777778,68.599998,2.01168,286.0,0.5499970050773584,2.994922641731712e-06,10.0,0.0,51.34175222222222,21.73999388888889,22.22222222222222,1,43.240565111111124,2.0,2.0,2.0,2.0,2.0,2.0,2.0,2.0,2.0,2.0,2.0,2.0,2.0,2.0,2.0
2018-01-30 19:51:46.000994,-6.927777222222223,62.0,1.743456,293.0,0.5399973249327069,2.675067293088622e-06,10.0,0.0,51.36175777777778,21.731991111111107,22.22222222222222,1,38.18480088888888,2.0,2.0,2.0,2.0,2.0,2.0,2.0,2.0,2.0,2.0,2.0,2.0,2.0,2.0,2.0
2018-01-30 19:56:53.048991,-6.927777222222223,62.0,1.743456,293.0,0.6299959788824041,4.021117595976152e-06,10.0,0.0,51.40177,21.703995555555558,22.22222222222222,1,30.575240833333332,2.0,2.0,2.0,2.0,2.0,2.0,2.0,2.0,2.0,2.0,2.0,2.0,2.0,2.0,2.0
2018-01-30 20:02:00.844518,-6.927777222222223,62.0,1.743456,293.0,0.5499974616341448,2.5383658552851757e-06,10.0,0.0,18.333333333333332,21.69199611111111,19.444444444444443,0,31.98602238888889,2.0,2.0,2.0,2.0,2.0,2.0,2.0,2.0,2.0,2.0,2.0,2.0,2.0,2.0,2.0
2018-01-30 20:07:08.061371,-6.927777222222223,62.0,1.743456,293.0,0.5599974511193939,2.5488806061746184e-06,10.0,0.0,18.333333333333332,21.66799333333333,19.444444444444443,0,0.8089898888888888,2.0,2.0,2.0,2.0,2.0,2.0,2.0,2.0,2.0,2.0,2.0,2.0,2.0,2.0,2.0
2018-01-30 20:12:15.800997,-6.927777222222223,62.0,1.743456,293.0,0.5999970108509026,2.9891490973531018e-06,10.0,0.0,18.333333333333332,21.671994444444447,19.444444444444443,0,5.831140055555554,2.0,2.0,2.0,2.0,2.0,2.0,2.0,2.0,2.0,2.0,2.0,2.0,2.0,2.0,2.0
2018-01-30 20:17:23.052996,-6.927777222222223,62.0,1.743456,293.0,0.7499944200382044,5.579961795538797e-06,10.0,0.0,18.42670888888889,21.647991666666666,19.444444444444443,0,5.110011277777777,2.0,2.0,2.0,2.0,2.0,2.0,2.0,2.0,2.0,2.0,2.0,2.0,2.0,2.0,2.0
2018-01-30 20:22:30.064996,-7.249999444444444,62.900002,1.519936,295.0,0.6299968336603782,3.1663396218391103e-06,10.0,0.0,18.566707777777776,21.61999166666667,19.444444444444443,0,4.722163333333332,2.0,2.0,2.0,2.0,2.0,2.0,2.0,2.0,2.0,2.0,2.0,2.0,2.0,2.0,2.0
2018-01-30 20:27:37.247708,-7.249999444444444,62.900002,1.519936,295.0,0.4299990343614809,9.656385191280288e-07,10.0,0.0,18.806695,21.571994444444442,19.444444444444443,0,4.8117067777777764,2.0,2.0,2.0,2.0,2.0,2.0,2.0,2.0,2.0,2.0,2.0,2.0,2.0,2.0,2.0
2018-01-30 20:32:44.460991,-7.249999444444444,62.900002,1.519936,295.0,0.509998451354806,1.548645193985989e-06,10.0,0.0,18.986706111111108,21.527993888888886,19.444444444444443,0,3.8910356666666672,2.0,2.0,2.0,2.0,2.0,2.0,2.0,2.0,2.0,2.0,2.0,2.0,2.0,2.0,2.0
2018-01-30 20:37:51.520505,-7.249999444444444,62.900002,1.519936,295.0,1.1299837681082854,1.6231891714389155e-05,10.0,0.0,19.28669,21.471994444444444,19.444444444444443,0,4.475329277777778,2.0,2.0,2.0,2.0,2.0,2.0,2.0,2.0,2.0,2.0,2.0,2.0,2.0,2.0,2.0
2018-01-30 20:42:58.794588,-7.249999444444444,62.900002,1.519936,295.0,1.3099756059897198,2.439401028008874e-05,10.0,0.0,19.506712777777775,21.419995555555555,19.444444444444443,0,4.1307680555555555,2.0,2.0,2.0,2.0,2.0,2.0,2.0,2.0,2.0,2.0,2.0,2.0,2.0,2.0,2.0
2018-01-30 20:48:06.305999,-7.249999444444444,62.900002,1.519936,295.0,0.779995029846442,4.9701535579633495e-06,10.0,0.0,19.866714444444444,21.34399388888889,19.444444444444443,0,3.834585722222222,2.0,2.0,2.0,2.0,2.0,2.0,2.0,2.0,2.0,2.0,2.0,2.0,2.0,2.0,2.0
2018-01-30 20:53:13.644999,-7.35,64.400002,1.519936,295.0,0.6899966722804523,3.327719547575006e-06,10.0,0.0,20.166697777777777,21.29999388888889,19.444444444444443,0,3.8033399444444447,2.0,2.0,2.0,2.0,2.0,2.0,2.0,2.0,2.0,2.0,2.0,2.0,2.0,2.0,2.0
2018-01-30 20:58:20.584997,-7.35,64.400002,1.519936,295.0,0.8799933113512367,6.6886487632275696e-06,10.0,0.0,20.446696666666664,21.23199055555556,19.444444444444443,0,3.5084700555555552,2.0,2.0,2.0,2.0,2.0,2.0,2.0,2.0,2.0,2.0,2.0,2.0,2.0,2.0,2.0
2018-01-30 21:03:27.244995,-7.35,64.400002,1.519936,295.0,0.8899932879823729,6.7120176269951964e-06,10.0,0.0,20.84671,21.16799222222222,19.444444444444443,0,3.421747777777778,2.0,2.0,2.0,2.0,2.0,2.0,2.0,2.0,2.0,2.0,2.0,2.0,2.0,2.0,2.0
2018-01-30 21:08:34.457036,-7.35,64.400002,1.519936,295.0,0.6999968289266635,3.171073336634023e-06,10.0,0.0,21.166721111111112,21.08799,19.444444444444443,0,3.3100865555555554,2.0,2.0,2.0,2.0,2.0,2.0,2.0,2.0,2.0,2.0,2.0,2.0,2.0,2.0,2.0
2018-01-30 21:13:42.016996,-7.35,64.400002,1.519936,295.0,0.7899955671471087,4.432852891198266e-06,10.0,0.0,21.486689444444444,21.011992777777774,19.444444444444443,0,3.0614554999999988,2.0,2.0,2.0,2.0,2.0,2.0,2.0,2.0,2.0,2.0,2.0,2.0,2.0,2.0,2.0
2018-01-30 21:18:48.676992,-7.35,64.400002,1.519936,295.0,1.0199907081034278,9.29189657196058e-06,10.0,0.0,21.84671166666667,20.947994444444443,19.444444444444443,0,3.1061748888888894,2.0,2.0,2.0,2.0,2.0,2.0,2.0,2.0,2.0,2.0,2.0,2.0,2.0,2.0,2.0
2018-01-30 21:23:55.701033,-7.672221666666667,68.199997,2.2799039999999997,285.0,0.9699922113298289,7.788670171118594e-06,10.0,0.0,22.306700555555558,20.871993333333332,19.444444444444443,0,3.2631731111111115,2.0,2.0,2.0,2.0,2.0,2.0,2.0,2.0,2.0,2.0,2.0,2.0,2.0,2.0,2.0
2018-01-30 21:29:02.825046,-7.672221666666667,68.199997,2.2799039999999997,285.0,0.6099981106667177,1.889333282281527e-06,10.0,0.0,22.62671166666667,20.80399,19.444444444444443,0,3.0119551111111114,2.0,2.0,2.0,2.0,2.0,2.0,2.0,2.0,2.0,2.0,2.0,2.0,2.0,2.0,2.0
2018-01-30 21:34:09.803921,-7.672221666666667,68.199997,2.2799039999999997,285.0,0.5499986473759869,1.3526240131193263e-06,10.0,0.0,22.906688888888887,20.731993888888887,19.444444444444443,0,3.2197310000000003,2.0,2.0,2.0,2.0,2.0,2.0,2.0,2.0,2.0,2.0,2.0,2.0,2.0,2.0,2.0
2018-01-30 21:39:17.103342,-7.672221666666667,68.199997,2.2799039999999997,285.0,0.879994581151177,5.418848823032208e-06,10.0,0.0,23.226699999999997,20.671997222222217,19.444444444444443,0,3.087826777777778,2.0,2.0,2.0,2.0,2.0,2.0,2.0,2.0,2.0,2.0,2.0,2.0,2.0,2.0,2.0
2018-01-30 21:44:24.489801,-7.672221666666667,68.199997,2.2799039999999997,285.0,1.0399912447528286,8.75524717157238e-06,10.0,0.0,23.50669833333333,20.607995,19.444444444444443,0,3.0523002222222217,2.0,2.0,2.0,2.0,2.0,2.0,2.0,2.0,2.0,2.0,2.0,2.0,2.0,2.0,2.0
2018-01-30 21:49:31.388995,-7.672221666666667,68.199997,2.2799039999999997,285.0,0.7599966538386759,3.346161323995974e-06,10.0,0.0,23.826709444444443,20.535990555555554,19.444444444444443,0,2.7879395000000002,2.0,2.0,2.0,2.0,2.0,2.0,2.0,2.0,2.0,2.0,2.0,2.0,2.0,2.0,2.0
2018-01-30 21:54:38.172995,-7.772222222222221,70.0,1.743456,278.0,0.5699986161019142,1.3838980858811397e-06,10.0,0.0,24.186689444444443,20.48799277777778,19.444444444444443,0,2.8635109999999995,2.0,2.0,2.0,2.0,2.0,2.0,2.0,2.0,2.0,2.0,2.0,2.0,2.0,2.0,2.0
2018-01-30 21:59:45.804994,-7.772222222222221,70.0,1.743456,278.0,0.46999923872429256,7.612757074600781e-07,10.0,0.0,24.506700555555554,20.407990555555553,19.444444444444443,0,2.924295777777778,2.0,2.0,2.0,2.0,2.0,2.0,2.0,2.0,2.0,2.0,2.0,2.0,2.0,2.0,2.0
2018-01-30 22:04:52.860991,-7.772222222222221,70.0,1.743456,278.0,0.5199989873203574,1.012679642778888e-06,10.0,0.0,24.806704999999997,20.351990555555556,19.444444444444443,0,2.6616995000000006,2.0,2.0,2.0,2.0,2.0,2.0,2.0,2.0,2.0,2.0,2.0,2.0,2.0,2.0,2.0
2018-01-30 22:10:00.157829,-7.772222222222221,70.0,1.743456,278.0,0.9399941175427582,5.882457241714491e-06,10.0,0.0,25.146721666666668,20.295991111111114,19.444444444444443,0,2.6554312777777773,2.0,2.0,2.0,2.0,2.0,2.0,2.0,2.0,2.0,2.0,2.0,2.0,2.0,2.0,2.0
2018-01-30 22:15:07.680993,-7.772222222222221,70.0,1.743456,278.0,0.8999949211551492,5.078844850783801e-06,10.0,0.0,25.306706111111108,20.251994444444446,19.444444444444443,0,2.902360555555555,2.0,2.0,2.0,2.0,2.0,2.0,2.0,2.0,2.0,2.0,2.0,2.0,2.0,2.0,2.0
2018-01-30 22:20:15.172995,-7.772222222222221,70.0,1.743456,278.0,0.7099975455714976,2.4544285024363914e-06,10.0,0.0,25.586683333333337,20.17999,19.444444444444443,0,2.717628000000001,2.0,2.0,2.0,2.0,2.0,2.0,2.0,2.0,2.0,2.0,2.0,2.0,2.0,2.0,2.0
2018-01-30 22:25:22.216798,-7.966666666666667,71.400002,0.491744,288.0,0.6999976825283656,2.3174716344893585e-06,10.0,0.0,25.846697222222225,20.127991666666667,19.444444444444443,0,2.7550440000000003,2.0,2.0,2.0,2.0,2.0,2.0,2.0,2.0,2.0,2.0,2.0,2.0,2.0,2.0,2.0
2018-01-30 22:30:29.400994,-7.966666666666667,71.400002,0.491744,288.0,0.5199990634708075,9.36529192512523e-07,10.0,0.0,26.226704999999995,20.043991666666663,19.444444444444443,0,2.675833666666667,2.0,2.0,2.0,2.0,2.0,2.0,2.0,2.0,2.0,2.0,2.0,2.0,2.0,2.0,2.0
2018-01-30 22:35:36.886309,-7.966666666666667,71.400002,0.491744,288.0,0.6099985082385027,1.49176149739152e-06,10.0,100,26.546715555555554,19.979993888888888,19.444444444444443,0,2.4913280555555555,2.0,2.0,2.0,2.0,2.0,2.0,2.0,2.0,2.0,2.0,2.0,2.0,2.0,2.0,2.0
2018-01-30 22:40:43.848995,-7.966666666666667,71.400002,0.491744,288.0,1.0199931112526337,6.888747366149001e-06,10.0,100,27.106713333333335,19.911990555555555,19.444444444444443,0,2.5173840555555547,2.0,2.0,2.0,2.0,2.0,2.0,2.0,2.0,2.0,2.0,2.0,2.0,2.0,2.0,2.0
2018-01-30 22:45:50.525031,-7.966666666666667,71.400002,0.491744,288.0,0.6099985447394046,1.4552605953923784e-06,10.0,100,27.126718888888885,19.871995555555557,19.444444444444443,0,2.4258660555555553,2.0,2.0,2.0,2.0,2.0,2.0,2.0,2.0,2.0,2.0,2.0,2.0,2.0,2.0,2.0
2018-01-30 22:50:57.840988,-7.966666666666667,71.400002,0.491744,288.0,0.2899998454504625,1.545495374588883e-07,10.0,100,27.44670888888889,19.791988888888888,19.444444444444443,0,2.611443666666666,2.0,2.0,2.0,2.0,2.0,2.0,2.0,2.0,2.0,2.0,2.0,2.0,2.0,2.0,2.0
2018-01-30 22:56:05.444362,-7.999999999999999,72.400002,0.0,275.0,0.3799996559850849,3.44014915102933e-07,10.0,100,27.766698333333334,19.727995,19.444444444444443,0,2.4727060555555553,2.0,2.0,2.0,2.0,2.0,2.0,2.0,2.0,2.0,2.0,2.0,2.0,2.0,2.0,2.0
2018-01-30 23:01:12.652990,-7.999999999999999,72.400002,0.0,275.0,0.5099991766523173,8.233476827504191e-07,10.0,100,28.04669722222222,19.67999333333333,19.444444444444443,0,2.408583166666667,2.0,2.0,2.0,2.0,2.0,2.0,2.0,2.0,2.0,2.0,2.0,2.0,2.0,2.0,2.0
2018-01-30 23:06:20.468993,-7.999999999999999,72.400002,0.0,275.0,0.36999968862522725,3.113747727083877e-07,10.0,100,28.406698333333335,19.623993888888887,19.444444444444443,0,106.10777266666666,2.0,2.0,2.0,2.0,2.0,2.0,2.0,2.0,2.0,2.0,2.0,2.0,2.0,2.0,2.0
2018-01-30 23:11:23.776993,-7.999999999999999,72.400002,0.0,275.0,0.87999584578551,4.1542144898798516e-06,10.0,100,28.706703333333333,19.55999166666666,19.444444444444443,0,9.20922494117647,2.0,2.0,2.0,2.0,2.0,2.0,2.0,2.0,2.0,2.0,2.0,2.0,2.0,2.0,2.0
2018-01-30 23:16:32.881035,-7.999999999999999,72.400002,0.0,275.0,0.959994651357466,5.3486425339638015e-06,10.0,100,29.02671388888889,19.507993333333335,19.444444444444443,0,3.14339,2.0,2.0,2.0,2.0,2.0,2.0,2.0,2.0,2.0,2.0,2.0,2.0,2.0,2.0,2.0
2018-01-30 23:21:41.416992,-8.266666111111112,75.400002,0.0,204.0,0.4999992504588779,7.495411221389232e-07,10.0,100,29.12670111111111,19.47999333333333,19.444444444444443,0,10.77451417647059,2.0,2.0,2.0,2.0,2.0,2.0,2.0,2.0,2.0,2.0,2.0,2.0,2.0,2.0,2.0
2018-01-30 23:26:50.419067,-8.266666111111112,75.400002,0.0,204.0,0.6499983648813061,1.6351186939193657e-06,10.0,100,29.44671222222222,19.447992222222226,19.444444444444443,0,30.518955117647064,2.0,2.0,2.0,2.0,2.0,2.0,2.0,2.0,2.0,2.0,2.0,2.0,2.0,2.0,2.0
2018-01-30 23:31:59.252992,-8.266666111111112,75.400002,0.0,204.0,0.6099986575330241,1.342466976015369e-06,10.0,100,29.546699444444446,19.423993333333335,19.444444444444443,0,16.58207894117647,2.0,2.0,2.0,2.0,2.0,2.0,2.0,2.0,2.0,2.0,2.0,2.0,2.0,2.0,2.0
2018-01-30 23:37:05.936994,-8.266666111111112,75.400002,0.0,204.0,0.6099986656034008,1.3343965990974555e-06,10.0,100,29.68669888888889,19.395993333333337,19.444444444444443,0,8.870943388888888,2.0,2.0,2.0,2.0,2.0,2.0,2.0,2.0,2.0,2.0,2.0,2.0,2.0,2.0,2.0
2018-01-30 23:42:12.777216,-8.266666111111112,75.400002,0.0,204.0,0.7099979072171476,2.0927828523692756e-06,10.0,100,29.766701666666663,19.37999277777778,19.444444444444443,0,18.07186266666666,2.0,2.0,2.0,2.0,2.0,2.0,2.0,2.0,2.0,2.0,2.0,2.0,2.0,2.0,2.0
2018-01-30 23:47:20.240995,-8.266666111111112,75.400002,0.0,204.0,0.29999984295747506,1.570425249235679e-07,10.0,100,29.826719444444446,19.367989444444444,19.444444444444443,0,28.84048383333333,2.0,2.0,2.0,2.0,2.0,2.0,2.0,2.0,2.0,2.0,2.0,2.0,2.0,2.0,2.0
2018-01-30 23:52:27.636993,-8.233333333333333,77.099998,0.0,180.0,0.32999979189133904,2.0810866102838187e-07,10.0,100,29.946712777777776,19.343990555555553,19.444444444444443,0,12.160273777777778,2.0,2.0,2.0,2.0,2.0,2.0,2.0,2.0,2.0,2.0,2.0,2.0,2.0,2.0,2.0
2018-01-30 23:57:34.849039,-8.233333333333333,77.099998,0.0,180.0,0.36999970779726105,2.9220273895119525e-07,10.0,100,30.026694444444445,19.327994444444446,19.444444444444443,0,5.706955222222222,2.0,2.0,2.0,2.0,2.0,2.0,2.0,2.0,2.0,2.0,2.0,2.0,2.0,2.0,2.0
2018-01-31 00:02:42.048992,-8.233333333333333,77.099998,0.0,180.0,0.23999992052815255,7.947184745388328e-08,10.0,100,30.146687777777778,19.303995555555556,19.444444444444443,0,9.00019938888889,2.0,2.0,2.0,2.0,2.0,2.0,2.0,2.0,2.0,2.0,2.0,2.0,2.0,2.0,2.0
2018-01-31 00:07:47.008151,-8.233333333333333,77.099998,0.0,180.0,0.14999998065343806,1.934656193246443e-08,10.0,100,30.306714444444445,19.271990555555554,19.444444444444443,0,25.81149005882353,2.0,2.0,2.0,2.0,2.0,2.0,2.0,2.0,2.0,2.0,2.0,2.0,2.0,2.0,2.0
2018-01-31 00:12:55.408992,-8.233333333333333,77.099998,0.0,180.0,0.5599989953095128,1.0046904872499435e-06,10.0,100,30.32669888888889,19.259995555555555,19.444444444444443,0,6.466525055555556,2.0,2.0,2.0,2.0,2.0,2.0,2.0,2.0,2.0,2.0,2.0,2.0,2.0,2.0,2.0
2018-01-31 00:18:03.160997,-8.233333333333333,77.099998,0.0,180.0,0.10999999240177229,7.598227706349214e-09,10.0,100,30.486704444444445,19.235992222222222,19.444444444444443,0,9.871690999999997,2.0,2.0,2.0,2.0,2.0,2.0,2.0,2.0,2.0,2.0,2.0,2.0,2.0,2.0,2.0
2018-01-31 00:23:10.829008,-8.694444444444443,77.5,0.0,167.0,0.0,0.0,10.0,100,30.62670388888889,19.203995555555558,19.444444444444443,0,28.319369833333326,2.0,2.0,2.0,2.0,2.0,2.0,2.0,2.0,2.0,2.0,2.0,2.0,2.0,2.0,2.0
2018-01-31 00:28:20.080992,-8.694444444444443,77.5,0.0,167.0,0.0,0.0,10.0,100,30.74669722222222,19.187995,19.444444444444443,0,30.510180666666663,2.0,2.0,2.0,2.0,2.0,2.0,2.0,2.0,2.0,2.0,2.0,2.0,2.0,2.0,2.0
2018-01-31 00:33:28.344994,-8.694444444444443,77.5,0.0,167.0,0.2699998878759674,1.1212403267250996e-07,10.0,100,30.92670888888889,19.147991666666666,19.444444444444443,0,5.189286777777777,2.0,2.0,2.0,2.0,2.0,2.0,2.0,2.0,2.0,2.0,2.0,2.0,2.0,2.0,2.0
2018-01-31 00:38:38.076656,-8.694444444444443,77.5,0.0,167.0,0.26999988784410767,1.1215589230836193e-07,10.0,100,31.006690000000003,19.123992777777776,19.444444444444443,0,9.918106944444444,2.0,2.0,2.0,2.0,2.0,2.0,2.0,2.0,2.0,2.0,2.0,2.0,2.0,2.0,2.0
2018-01-31 00:43:45.368218,-8.694444444444443,77.5,0.0,167.0,0.2699998877545421,1.1224545794033498e-07,10.0,100,31.226713333333333,19.087990555555557,19.444444444444443,0,28.80898111111111,2.0,2.0,2.0,2.0,2.0,2.0,2.0,2.0,2.0,2.0,2.0,2.0,2.0,2.0,2.0
2018-01-31 00:48:52.648993,-8.694444444444443,77.5,0.0,167.0,0.14999998073008347,1.9269916502087898e-08,10.0,100,31.346706666666662,19.071994444444442,19.444444444444443,0,30.715603666666667,2.0,2.0,2.0,2.0,2.0,2.0,2.0,2.0,2.0,2.0,2.0,2.0,2.0,2.0,2.0
2018-01-31 00:53:59.896989,-8.833333333333332,78.800003,0.26822399999999996,168.0,0.1899999607648294,3.9235170639695867e-08,10.0,100,31.506691111111113,19.015994444444445,19.444444444444443,0,11.681450555555555,2.0,2.0,2.0,2.0,2.0,2.0,2.0,2.0,2.0,2.0,2.0,2.0,2.0,2.0,2.0
2018-01-31 00:59:07.456995,-8.833333333333332,78.800003,0.26822399999999996,168.0,0.4699994045744333,5.954255666382413e-07,10.0,100,31.586693888888888,18.991991666666667,19.444444444444443,0,8.861596277777776,2.0,2.0,2.0,2.0,2.0,2.0,2.0,2.0,2.0,2.0,2.0,2.0,2.0,2.0,2.0
2018-01-31 01:04:14.596989,-8.833333333333332,78.800003,0.26822399999999996,168.0,0.55999898987297,1.0101270300393954e-06,10.0,100,31.746720000000003,18.97999222222222,19.444444444444443,0,26.36644616666667,2.0,2.0,2.0,2.0,2.0,2.0,2.0,2.0,2.0,2.0,2.0,2.0,2.0,2.0,2.0
2018-01-31 01:09:21.673041,-8.833333333333332,78.800003,0.26822399999999996,168.0,0.32999979262956763,2.0737043233312772e-07,10.0,100,31.906704444444443,18.94399,19.444444444444443,0,32.06376122222222,2.0,2.0,2.0,2.0,2.0,2.0,2.0,2.0,2.0,2.0,2.0,2.0,2.0,2.0,2.0
2018-01-31 01:14:28.488991,-8.833333333333332,78.800003,0.26822399999999996,168.0,0.19999995366056342,4.6339436557345524e-08,10.0,100,32.00671277777778,18.931990555555558,19.444444444444443,0,16.865548722222222,2.0,2.0,2.0,2.0,2.0,2.0,2.0,2.0,2.0,2.0,2.0,2.0,2.0,2.0,2.0
2018-01-31 01:19:35.533037,-8.833333333333332,78.800003,0.26822399999999996,168.0,0.15999997616909772,2.3830902275255025e-08,10.0,100,32.126685,18.88398888888889,19.444444444444443,0,8.74433111111111,2.0,2.0,2.0,2.0,2.0,2.0,2.0,2.0,2.0,2.0,2.0,2.0,2.0,2.0,2.0
2018-01-31 01:24:42.877001,-8.9,78.699997,0.0,161.0,0.37999967909303156,3.209069684432036e-07,10.0,100,32.28671166666666,18.879992222222224,19.444444444444443,0,17.77330716666667,2.0,2.0,2.0,2.0,2.0,2.0,2.0,2.0,2.0,2.0,2.0,2.0,2.0,2.0,2.0
2018-01-31 01:29:50.412587,-8.9,78.699997,0.0,161.0,0.7899970995593583,2.9004406419633616e-06,10.0,100,32.466701666666665,18.827989444444448,19.444444444444443,0,34.94550555555556,2.0,2.0,2.0,2.0,2.0,2.0,2.0,2.0,2.0,2.0,2.0,2.0,2.0,2.0,2.0
2018-01-31 01:34:57.516993,-8.9,78.699997,0.0,161.0,0.469999385663612,6.143363880157533e-07,10.0,100,32.546704444444444,18.815989999999996,19.444444444444443,0,22.509852500000004,2.0,2.0,2.0,2.0,2.0,2.0,2.0,2.0,2.0,2.0,2.0,2.0,2.0,2.0,2.0
2018-01-31 01:40:04.392990,-8.9,78.699997,0.0,161.0,0.4199995587074585,4.412925414556946e-07,10.0,100,32.64669222222222,18.791995555555555,19.444444444444443,0,9.198127722222221,2.0,2.0,2.0,2.0,2.0,2.0,2.0,2.0,2.0,2.0,2.0,2.0,2.0,2.0,2.0
2018-01-31 01:45:12.582377,-8.9,78.699997,0.0,161.0,0.6099986379903077,1.3620096922804836e-06,10.0,100,32.76670666666667,18.771993888888893,19.444444444444443,0,11.533574333333334,2.0,2.0,2.0,2.0,2.0,2.0,2.0,2.0,2.0,2.0,2.0,2.0,2.0,2.0,2.0
2018-01-31 01:50:19.407849,-8.9,78.699997,0.0,161.0,0.4299995192606505,4.807393495059609e-07,10.0,100,32.92671222222223,18.747991111111116,19.444444444444443,0,30.244193388888895,2.0,2.0,2.0,2.0,2.0,2.0,2.0,2.0,2.0,2.0,2.0,2.0,2.0,2.0,2.0
2018-01-31 01:55:26.672992,-9.133333333333331,79.0,0.0,157.0,0.4299995152175149,4.847824850976904e-07,10.0,100,33.046705555555555,18.723992222222222,19.444444444444443,0,32.37330722222222,2.0,2.0,2.0,2.0,2.0,2.0,2.0,2.0,2.0,2.0,2.0,2.0,2.0,2.0,2.0
2018-01-31 02:00:33.780987,-9.133333333333331,79.0,0.0,157.0,0.6099986033392725,1.3966607273399332e-06,10.0,100,33.10670222222222,18.703995000000003,19.444444444444443,0,14.935232833333336,2.0,2.0,2.0,2.0,2.0,2.0,2.0,2.0,2.0,2.0,2.0,2.0,2.0,2.0,2.0
2018-01-31 02:05:40.922013,-9.133333333333331,79.0,0.0,157.0,0.659998213886859,1.7861131410789575e-06,10.0,100,33.186704999999996,18.683992777777775,19.444444444444443,0,10.250198222222226,2.0,2.0,2.0,2.0,2.0,2.0,2.0,2.0,2.0,2.0,2.0,2.0,2.0,2.0,2.0
2018-01-31 02:10:48.120994,-9.133333333333331,79.0,0.0,157.0,0.33999975338455274,2.466154472441151e-07,10.0,100,33.34671,18.659989999999997,19.444444444444443,0,19.161920500000004,2.0,2.0,2.0,2.0,2.0,2.0,2.0,2.0,2.0,2.0,2.0,2.0,2.0,2.0,2.0
2018-01-31 02:15:55.168996,-9.133333333333331,79.0,0.0,157.0,0.3799996519464674,3.4805353257904506e-07,10.0,100,33.366695,18.64399388888889,19.444444444444443,0,35.89172361111111,2.0,2.0,2.0,2.0,2.0,2.0,2.0,2.0,2.0,2.0,2.0,2.0,2.0,2.0,2.0
2018-01-31 02:21:02.800994,-9.133333333333331,79.0,0.0,157.0,0.3799996479276359,3.520723640423107e-07,10.0,100,33.46670388888889,18.623996111111115,19.444444444444443,0,27.31334894444445,2.0,2.0,2.0,2.0,2.0,2.0,2.0,2.0,2.0,2.0,2.0,2.0,2.0,2.0,2.0
2018-01-31 02:26:10.780994,-9.033333333333331,78.699997,0.0,157.0,0.24999989853175372,1.0146824625396047e-07,10.0,100,33.706690555555554,18.607991666666663,19.444444444444443,0,10.612975611111112,2.0,2.0,2.0,2.0,2.0,2.0,2.0,2.0,2.0,2.0,2.0,2.0,2.0,2.0,2.0
2018-01-31 02:31:18.405029,-9.033333333333331,78.699997,0.0,157.0,0.2499998972228654,1.0277713461987854e-07,10.0,100,33.626708888888885,18.567992222222223,19.444444444444443,0,12.159948277777778,2.0,2.0,2.0,2.0,2.0,2.0,2.0,2.0,2.0,2.0,2.0,2.0,2.0,2.0,2.0
2018-01-31 02:36:25.925012,-9.033333333333331,78.699997,0.0,157.0,0.4299994698266873,5.301733127078153e-07,10.0,100,33.78669333333333,18.555992777777774,19.444444444444443,0,27.817683222222225,2.0,2.0,2.0,2.0,2.0,2.0,2.0,2.0,2.0,2.0,2.0,2.0,2.0,2.0,2.0
2018-01-31 02:41:33.464994,-9.033333333333331,78.699997,0.0,157.0,0.46999929774086374,7.022591362919064e-07,10.0,100,34.00671666666667,18.531989999999997,19.444444444444443,0,36.63632694444445,2.0,2.0,2.0,2.0,2.0,2.0,2.0,2.0,2.0,2.0,2.0,2.0,2.0,2.0,2.0
2018-01-31 02:46:40.975282,-9.033333333333331,78.699997,0.0,157.0,0.6099984413746411,1.5586253589420566e-06,10.0,100,33.986710555555554,18.52799333333333,19.444444444444443,0,21.866957333333332,2.0,2.0,2.0,2.0,2.0,2.0,2.0,2.0,2.0,2.0,2.0,2.0,2.0,2.0,2.0
2018-01-31 02:51:48.200993,-9.61111111111111,77.199997,0.0,156.0,0.5199990192943197,9.807056803408647e-07,10.0,100,34.08669777777777,18.507995555555553,19.444444444444443,0,8.621274500000004,2.0,2.0,2.0,2.0,2.0,2.0,2.0,2.0,2.0,2.0,2.0,2.0,2.0,2.0,2.0
2018-01-31 02:56:55.727887,-9.61111111111111,77.199997,0.0,156.0,0.5199990030036187,9.969963814470418e-07,10.0,100,34.126688888888886,18.48798944444444,19.444444444444443,0,16.536220277777776,2.0,2.0,2.0,2.0,2.0,2.0,2.0,2.0,2.0,2.0,2.0,2.0,2.0,2.0,2.0
2018-01-31 03:02:02.953365,-9.61111111111111,77.199997,0.0,156.0,0.5199989856516779,1.0143483219002184e-06,10.0,100,34.266709444444444,18.47999166666667,19.444444444444443,0,31.552328888888894,2.0,2.0,2.0,2.0,2.0,2.0,2.0,2.0,2.0,2.0,2.0,2.0,2.0,2.0,2.0
2018-01-31 03:07:10.707507,-9.61111111111111,77.199997,0.0,156.0,0.5199989671176624,1.0328823375956127e-06,10.0,100,34.406708888888886,18.451991666666665,19.444444444444443,0,36.9901975,2.0,2.0,2.0,2.0,2.0,2.0,2.0,2.0,2.0,2.0,2.0,2.0,2.0,2.0,2.0
2018-01-31 03:12:17.836995,-9.61111111111111,77.199997,0.0,156.0,0.5199989473917183,1.0526082818268432e-06,10.0,100,34.466705555555556,18.439992222222223,19.444444444444443,0,13.355474222222224,2.0,2.0,2.0,2.0,2.0,2.0,2.0,2.0,2.0,2.0,2.0,2.0,2.0,2.0,2.0
2018-01-31 03:17:24.896206,-9.61111111111111,77.199997,0.0,156.0,0.33999969993879536,3.0006120467899773e-07,10.0,100,34.64671666666667,18.403990000000004,19.444444444444443,0,51.66905199999999,2.0,2.0,2.0,2.0,2.0,2.0,2.0,2.0,2.0,2.0,2.0,2.0,2.0,2.0,2.0
2018-01-31 03:22:32.112999,-9.200000000000001,76.599998,0.0,154.0,0.41999942250672484,5.774932751714594e-07,10.0,100,34.74670388888889,18.38399277777778,19.444444444444443,0,19.552003444444445,2.0,2.0,2.0,2.0,2.0,2.0,2.0,2.0,2.0,2.0,2.0,2.0,2.0,2.0,2.0
2018-01-31 03:27:39.328993,-9.200000000000001,76.599998,0.0,154.0,0.5599986009779669,1.3990220330048586e-06,10.0,100,34.766709999999996,18.37999111111111,19.444444444444443,0,34.2204715,2.0,2.0,2.0,2.0,2.0,2.0,2.0,2.0,2.0,2.0,2.0,2.0,2.0,2.0,2.0
2018-01-31 03:32:46.471012,-9.200000000000001,76.599998,0.0,154.0,0.37999955295588567,4.4704411429946083e-07,10.0,100,34.86669777777778,18.35999388888889,19.444444444444443,0,35.56218205555555,2.0,2.0,2.0,2.0,2.0,2.0,2.0,2.0,2.0,2.0,2.0,2.0,2.0,2.0,2.0
2018-01-31 03:37:53.796993,-9.200000000000001,76.599998,0.0,154.0,0.5599985347535906,1.4652464095602433e-06,10.0,100,34.9467,18.34398888888889,19.444444444444443,0,17.534762777777775,2.0,2.0,2.0,2.0,2.0,2.0,2.0,2.0,2.0,2.0,2.0,2.0,2.0,2.0,2.0
2018-01-31 03:43:01.132997,-9.200000000000001,76.599998,0.0,154.0,0.46999911218870183,8.87811298148633e-07,10.0,100,35.02670277777777,18.339992222222218,19.444444444444443,0,10.422475388888888,2.0,2.0,2.0,2.0,2.0,2.0,2.0,2.0,2.0,2.0,2.0,2.0,2.0,2.0,2.0
2018-01-31 03:48:08.297702,-9.200000000000001,76.599998,0.0,154.0,0.37999951857827396,4.814217260160359e-07,10.0,100,35.16670222222223,18.299992777777778,19.444444444444443,0,21.256607833333334,2.0,2.0,2.0,2.0,2.0,2.0,2.0,2.0,2.0,2.0,2.0,2.0,2.0,2.0,2.0
2018-01-31 03:53:15.972992,-9.677777777777779,76.800003,0.0,168.0,0.5099988042164301,1.1957835699459728e-06,10.0,100,35.206692777777775,18.299992777777778,19.444444444444443,0,35.35820383333333,2.0,2.0,2.0,2.0,2.0,2.0,2.0,2.0,2.0,2.0,2.0,2.0,2.0,2.0,2.0
2018-01-31 03:58:23.219074,-9.677777777777779,76.800003,0.0,168.0,0.5099987701337144,1.229866285702647e-06,10.0,100,35.206692777777775,18.279995555555555,19.444444444444443,0,37.44614194444445,2.0,2.0,2.0,2.0,2.0,2.0,2.0,2.0,2.0,2.0,2.0,2.0,2.0,2.0,2.0
2018-01-31 04:03:30.268992,-9.677777777777779,76.800003,0.0,168.0,0.699996724533646,3.275466353999334e-06,10.0,100,35.30670166666667,18.275994444444443,19.444444444444443,0,16.91794377777778,2.0,2.0,2.0,2.0,2.0,2.0,2.0,2.0,2.0,2.0,2.0,2.0,2.0,2.0,2.0
2018-01-31 04:08:37.521045,-9.677777777777779,76.800003,0.0,168.0,0.7999949579172768,5.042082723254364e-06,10.0,100,35.346713333333334,18.26399055555556,19.444444444444443,0,9.295412055555552,2.0,2.0,2.0,2.0,2.0,2.0,2.0,2.0,2.0,2.0,2.0,2.0,2.0,2.0,2.0
2018-01-31 04:13:44.784996,-9.677777777777779,76.800003,0.0,168.0,0.489998804178165,1.1958218349814328e-06,10.0,100,35.46668555555556,18.235995000000003,19.444444444444443,0,20.829309777777784,2.0,2.0,2.0,2.0,2.0,2.0,2.0,2.0,2.0,2.0,2.0,2.0,2.0,2.0,2.0
2018-01-31 04:18:52.020994,-9.677777777777779,76.800003,0.0,168.0,0.4399991047913091,8.952086908278998e-07,10.0,100,35.44670111111111,18.235995000000003,19.444444444444443,0,35.390344,2.0,2.0,2.0,2.0,2.0,2.0,2.0,2.0,2.0,2.0,2.0,2.0,2.0,2.0,2.0
2018-01-31 04:23:59.092995,-9.43888888888889,75.5,0.759968,139.0,0.7499954072181346,4.592781865379773e-06,10.0,100,35.50667666666667,18.227996666666666,19.444444444444443,0,35.40165577777778,2.0,2.0,2.0,2.0,2.0,2.0,2.0,2.0,2.0,2.0,2.0,2.0,2.0,2.0,2.0
2018-01-31 04:29:06.556994,-9.43888888888889,75.5,0.759968,139.0,0.6999961272475089,3.872752491063272e-06,10.0,100,35.52668277777778,18.21599333333333,19.444444444444443,0,19.88000288888889,2.0,2.0,2.0,2.0,2.0,2.0,2.0,2.0,2.0,2.0,2.0,2.0,2.0,2.0,2.0
2018-01-31 04:34:13.840994,-9.43888888888889,75.5,0.759968,139.0,0.2399998379441893,1.6205581068907947e-07,10.0,100,35.626712222222224,18.199992777777776,19.444444444444443,0,9.598637833333331,2.0,2.0,2.0,2.0,2.0,2.0,2.0,2.0,2.0,2.0,2.0,2.0,2.0,2.0,2.0
2018-01-31 04:39:21.381052,-9.43888888888889,75.5,0.759968,139.0,0.1499999588292744,4.117072563456764e-08,10.0,100,35.7267,18.187993333333335,19.444444444444443,0,19.378490555555555,2.0,2.0,2.0,2.0,2.0,2.0,2.0,2.0,2.0,2.0,2.0,2.0,2.0,2.0,2.0
2018-01-31 04:44:28.773031,-9.43888888888889,75.5,0.759968,139.0,0.1599999479033625,5.209663750951174e-08,10.0,100,35.766690555555556,18.179994999999998,19.444444444444443,0,35.1909425,2.0,2.0,2.0,2.0,2.0,2.0,2.0,2.0,2.0,2.0,2.0,2.0,2.0,2.0,2.0
2018-01-31 04:49:35.963901,-9.43888888888889,75.5,0.759968,139.0,0.4799985299293899,1.470070610042583e-06,10.0,100,35.84669333333333,18.167996111111112,19.444444444444443,0,37.000208166666674,2.0,2.0,2.0,2.0,2.0,2.0,2.0,2.0,2.0,2.0,2.0,2.0,2.0,2.0,2.0
2018-01-31 04:54:43.108993,-9.922222222222222,76.0,0.759968,140.0,0.519998043341589,1.9566584110313947e-06,10.0,100,35.84669333333333,18.14799,19.444444444444443,0,25.59752155555556,2.0,2.0,2.0,2.0,2.0,2.0,2.0,2.0,2.0,2.0,2.0,2.0,2.0,2.0,2.0
2018-01-31 04:59:50.368991,-9.922222222222222,76.0,0.759968,140.0,0.33999942634727803,5.736527219990646e-07,10.0,100,35.92669611111111,18.139991666666663,19.444444444444443,0,10.558799333333333,2.0,2.0,2.0,2.0,2.0,2.0,2.0,2.0,2.0,2.0,2.0,2.0,2.0,2.0,2.0
2018-01-31 05:04:57.737032,-9.922222222222222,76.0,0.759968,140.0,0.6199963404611524,3.659538847563277e-06,10.0,100,36.00669833333333,18.127996666666665,19.444444444444443,0,14.620460611111112,2.0,2.0,2.0,2.0,2.0,2.0,2.0,2.0,2.0,2.0,2.0,2.0,2.0,2.0,2.0
2018-01-31 05:10:05.094552,-9.922222222222222,76.0,0.759968,140.0,0.7099942053575571,5.794642442737209e-06,10.0,100,36.00669833333333,18.115993333333336,19.444444444444443,0,32.407489666666656,2.0,2.0,2.0,2.0,2.0,2.0,2.0,2.0,2.0,2.0,2.0,2.0,2.0,2.0,2.0
2018-01-31 05:15:12.416999,-9.922222222222222,76.0,0.759968,140.0,0.5999963041014593,3.695898540639242e-06,10.0,100,36.18671,18.103993888888887,19.444444444444443,0,37.953557666666654,2.0,2.0,2.0,2.0,2.0,2.0,2.0,2.0,2.0,2.0,2.0,2.0,2.0,2.0,2.0
2018-01-31 05:20:19.604991,-9.922222222222222,76.0,0.759968,140.0,0.41999865661313757,1.343386862412455e-06,10.0,100,36.16670388888888,18.09599111111111,19.444444444444443,0,29.569154666666666,2.0,2.0,2.0,2.0,2.0,2.0,2.0,2.0,2.0,2.0,2.0,2.0,2.0,2.0,2.0
2018-01-31 05:25:26.929039,-9.544444444444444,74.800003,0.491744,147.0,0.3899988563625706,1.143637429427595e-06,10.0,100,36.22670055555555,18.079995000000004,19.444444444444443,0,12.3880185,2.0,2.0,2.0,2.0,2.0,2.0,2.0,2.0,2.0,2.0,2.0,2.0,2.0,2.0,2.0
2018-01-31 05:30:34.488184,-9.544444444444444,74.800003,0.491744,147.0,0.2999994447232675,5.552767324880579e-07,10.0,100,36.346715555555555,18.079995000000004,19.444444444444443,0,11.674146000000004,2.0,2.0,2.0,2.0,2.0,2.0,2.0,2.0,2.0,2.0,2.0,2.0,2.0,2.0,2.0
2018-01-31 05:35:41.768992,-9.544444444444444,74.800003,0.491744,147.0,0.5699959200577898,4.079942210198418e-06,10.0,100,36.26671277777778,18.067991666666668,19.444444444444443,0,26.42594038888889,2.0,2.0,2.0,2.0,2.0,2.0,2.0,2.0,2.0,2.0,2.0,2.0,2.0,2.0,2.0
2018-01-31 05:40:49.012993,-9.544444444444444,74.800003,0.491744,147.0,0.38999859586599306,1.404134006919989e-06,10.0,100,36.346715555555555,18.05199111111111,19.444444444444443,0,37.345228166666665,2.0,2.0,2.0,2.0,2.0,2.0,2.0,2.0,2.0,2.0,2.0,2.0,2.0,2.0,2.0
2018-01-31 05:45:56.224992,-9.544444444444444,74.800003,0.491744,147.0,0.2499996009047545,3.9909524549040553e-07,10.0,100,36.346693888888886,18.05199111111111,19.444444444444443,0,34.964045388888884,2.0,2.0,2.0,2.0,2.0,2.0,2.0,2.0,2.0,2.0,2.0,2.0,2.0,2.0,2.0
2018-01-31 05:51:03.577489,-9.544444444444444,74.800003,0.491744,147.0,0.4699971228899391,2.877110060895264e-06,10.0,100,36.426717777777775,18.043992777777774,19.444444444444443,0,20.26834266666667,2.0,2.0,2.0,2.0,2.0,2.0,2.0,2.0,2.0,2.0,2.0,2.0,2.0,2.0,2.0
2018-01-31 05:56:10.773010,-9.472222222222223,74.099998,0.0,223.0,0.3299989149530746,1.0850469254546098e-06,10.0,100,36.44670277777778,18.043992777777774,19.444444444444443,0,11.759465833333332,2.0,2.0,2.0,2.0,2.0,2.0,2.0,2.0,2.0,2.0,2.0,2.0,2.0,2.0,2.0
2018-01-31 06:01:18.420993,-9.472222222222223,74.099998,0.0,223.0,0.2899991928933272,8.071066727372911e-07,10.0,100,36.486714444444445,18.02799222222222,19.444444444444443,0,31.568560277777788,2.0,2.0,2.0,2.0,2.0,2.0,2.0,2.0,2.0,2.0,2.0,2.0,2.0,2.0,2.0
2018-01-31 06:06:25.736993,-9.472222222222223,74.099998,0.0,223.0,0.3799979968132469,2.0031867531026077e-06,10.0,100,36.486714444444445,18.01999388888889,19.444444444444443,0,34.30580005555555,2.0,2.0,2.0,2.0,2.0,2.0,2.0,2.0,2.0,2.0,2.0,2.0,2.0,2.0,2.0
2018-01-31 06:11:33.656991,-9.472222222222223,74.099998,0.0,223.0,0.739983550668359,1.6449331641025556e-05,10.0,100,36.58668111111111,18.01999388888889,19.444444444444443,0,41.53557722222221,2.0,2.0,2.0,2.0,2.0,2.0,2.0,2.0,2.0,2.0,2.0,2.0,2.0,2.0,2.0
2018-01-31 06:16:41.292995,-9.472222222222223,74.099998,0.0,223.0,0.5099939759134459,6.024086554168546e-06,10.0,100,36.626692777777784,18.003993333333337,19.444444444444443,0,28.48435894444445,2.0,2.0,2.0,2.0,2.0,2.0,2.0,2.0,2.0,2.0,2.0,2.0,2.0,2.0,2.0
2018-01-31 06:21:48.316991,-9.405555555555555,74.300003,0.759968,156.0,0.2899987502778919,1.2497221081469977e-06,10.0,100,36.60668666666667,17.99999222222222,19.444444444444443,0,13.057019722222222,2.0,2.0,2.0,2.0,2.0,2.0,2.0,2.0,2.0,2.0,2.0,2.0,2.0,2.0,2.0
2018-01-31 06:26:55.764995,-9.405555555555555,74.300003,0.759968,156.0,0.5699891646565727,1.0835343427232389e-05,10.0,100,36.666705,17.99199444444444,19.444444444444443,0,12.61441216666667,2.0,2.0,2.0,2.0,2.0,2.0,2.0,2.0,2.0,2.0,2.0,2.0,2.0,2.0,2.0
2018-01-31 06:32:02.900992,-9.405555555555555,74.300003,0.759968,156.0,0.5199905081257685,9.491874231590689e-06,10.0,100,36.74670722222223,17.983991666666665,19.444444444444443,0,28.51000866666666,2.0,2.0,2.0,2.0,2.0,2.0,2.0,2.0,2.0,2.0,2.0,2.0,2.0,2.0,2.0
2018-01-31 06:37:10.156992,-9.405555555555555,74.300003,0.759968,156.0,0.5199888961848683,1.110381513179149e-05,10.0,100,36.74670722222223,17.983991666666665,19.444444444444443,0,38.46653277777778,2.0,2.0,2.0,2.0,2.0,2.0,2.0,2.0,2.0,2.0,2.0,2.0,2.0,2.0,2.0
2018-01-31 06:42:16.980992,-9.405555555555555,74.300003,0.759968,156.0,0.2999974684616053,2.5315383946598835e-06,10.0,100,36.76671333333333,17.979990555555556,19.444444444444443,0,35.30505594444444,2.0,2.0,2.0,2.0,2.0,2.0,2.0,2.0,2.0,2.0,2.0,2.0,2.0,2.0,2.0
2018-01-31 06:47:24.512994,-9.405555555555555,74.300003,0.759968,156.0,0.38999325612963415,6.743870365877232e-06,10.0,100,36.80670444444444,17.971992222222223,19.444444444444443,0,19.776316166666668,2.0,2.0,2.0,2.0,2.0,2.0,2.0,2.0,2.0,2.0,2.0,2.0,2.0,2.0,2.0
2018-01-31 06:52:32.232994,-9.066666666666666,74.599998,0.491744,159.0,0.6599593682692534,4.063173074660632e-05,10.0,100,36.88668555555555,17.95599611111111,19.444444444444443,0,10.524433444444448,2.0,2.0,2.0,2.0,2.0,2.0,2.0,2.0,2.0,2.0,2.0,2.0,2.0,2.0,2.0
2018-01-31 06:57:39.500989,-9.066666666666666,74.599998,0.491744,159.0,0.5199746150205826,2.5384979417382503e-05,10.0,100,36.86672222222222,17.959988888888887,19.444444444444443,0,19.199132277777775,2.0,2.0,2.0,2.0,2.0,2.0,2.0,2.0,2.0,2.0,2.0,2.0,2.0,2.0,2.0
2018-01-31 07:02:46.837197,-9.066666666666666,74.599998,0.491744,159.0,0.6599309708173454,6.902918265452195e-05,10.0,100,60.0,17.947993888888885,22.22222222222222,1,60.57452327777777,2.0,2.0,2.0,2.0,2.0,2.0,2.0,2.0,2.0,2.0,2.0,2.0,2.0,2.0,2.0
2018-01-31 07:07:53.872996,-9.066666666666666,74.599998,0.491744,159.0,0.5299500519250012,4.994807499898772e-05,10.0,100,60.0,17.947993888888885,22.22222222222222,1,151.64520183333332,2.0,2.0,2.0,2.0,2.0,2.0,2.0,2.0,2.0,2.0,2.0,2.0,2.0,2.0,2.0
2018-01-31 07:13:01.260992,-9.066666666666666,74.599998,0.491744,159.0,0.5299247894701484,7.52105298517078e-05,10.0,100,60.0,18.023995555555555,22.22222222222222,1,58.524157166666654,2.0,2.0,2.0,2.0,2.0,2.0,2.0,2.0,2.0,2.0,2.0,2.0,2.0,2.0,2.0
2018-01-31 07:18:08.636994,-9.066666666666666,74.599998,0.491744,159.0,0.8794169052264071,0.0005830947735928707,10.0,100,60.0,18.107995,22.22222222222222,1,98.9203921111111,2.0,2.0,2.0,2.0,2.0,2.0,2.0,2.0,2.0,2.0,2.0,2.0,2.0,2.0,2.0
2018-01-31 07:23:15.528995,-8.627778333333332,74.300003,1.519936,177.0,1.385238480714185,0.0047615192858149165,10.0,100,60.0,18.211992222222225,22.22222222222222,1,76.95785261111112,2.0,2.0,2.0,2.0,2.0,2.0,2.0,2.0,2.0,2.0,2.0,2.0,2.0,2.0,2.0
2018-01-31 07:28:22.812216,-8.627778333333332,74.300003,1.519936,177.0,2.3195037398536087,0.08049626014639102,10.0,100,60.0,18.307995000000002,22.22222222222222,1,81.80077572222223,2.0,2.0,2.0,2.0,2.0,2.0,2.0,2.0,2.0,2.0,2.0,2.0,2.0,2.0,2.0
2018-01-31 07:33:30.304993,-8.627778333333332,74.300003,1.519936,177.0,2.114575319214411,0.905424680785589,10.0,100,60.0,18.40799111111111,22.22222222222222,1,77.67060305555555,2.0,2.0,2.0,2.0,2.0,2.0,2.0,2.0,2.0,2.0,2.0,2.0,2.0,2.0,2.0
2018-01-31 07:38:37.632992,-8.627778333333332,74.300003,1.519936,177.0,3.229746485871124,0.24025351412887583,10.0,100,60.0,18.51599388888889,22.22222222222222,1,81.82339466666667,2.0,2.0,2.0,2.0,2.0,2.0,2.0,2.0,2.0,2.0,2.0,2.0,2.0,2.0,2.0
2018-01-31 07:43:44.895883,-8.627778333333332,74.300003,1.519936,177.0,4.6493624094512,0.21063759054879994,10.0,100,60.0,18.651987777777777,22.22222222222222,1,79.04301061111113,2.0,2.0,2.0,2.0,2.0,2.0,2.0,2.0,2.0,2.0,2.0,2.0,2.0,2.0,2.0
2018-01-31 07:48:51.925325,-8.627778333333332,74.300003,1.519936,177.0,7.07029955868765,0.3497004413123495,10.0,100,60.0,18.75199222222222,22.22222222222222,1,75.4853248888889,2.0,2.0,2.0,2.0,2.0,2.0,2.0,2.0,2.0,2.0,2.0,2.0,2.0,2.0,2.0
2018-01-31 07:53:59.013025,-8.561111111111112,73.599998,1.519936,163.0,9.658369573038852,0.5116304269611471,10.0,100,60.0,18.85999055555555,22.22222222222222,1,65.32428338888889,2.0,2.0,2.0,2.0,2.0,2.0,2.0,2.0,2.0,2.0,2.0,2.0,2.0,2.0,2.0
2018-01-31 07:59:06.514934,-8.561111111111112,73.599998,1.519936,163.0,14.871342561514984,1.268657438485019,10.0,100,60.0,18.95199222222222,22.22222222222222,1,47.21601888888889,2.0,2.0,2.0,2.0,2.0,2.0,2.0,2.0,2.0,2.0,2.0,2.0,2.0,2.0,2.0
2018-01-31 08:04:13.745039,-8.561111111111112,73.599998,1.519936,163.0,21.69076629580447,3.039233704195533,10.0,100,60.0,19.079992777777775,22.22222222222222,1,48.6483105,2.0,2.0,2.0,2.0,2.0,2.0,2.0,2.0,2.0,2.0,2.0,2.0,2.0,2.0,2.0
2018-01-31 08:09:20.856992,-8.561111111111112,73.599998,1.519936,163.0,26.504786134766064,4.205213865233937,10.0,100,60.0,19.159991111111108,22.22222222222222,1,41.41602255555556,2.0,2.0,2.0,2.0,2.0,2.0,2.0,2.0,2.0,2.0,2.0,2.0,2.0,2.0,2.0
2018-01-31 08:14:27.510451,-8.561111111111112,73.599998,1.519936,163.0,30.308023679831173,4.761976320168831,10.0,100,60.0,19.267993333333333,22.22222222222222,1,54.98911283333333,2.0,2.0,2.0,2.0,2.0,2.0,2.0,2.0,2.0,2.0,2.0,2.0,2.0,2.0,2.0
2018-01-31 08:19:34.525096,-8.561111111111112,73.599998,1.519936,163.0,35.7021478961935,6.387852103806502,10.0,100,60.0,19.34799166666667,22.22222222222222,1,62.28345727777779,2.0,2.0,2.0,2.0,2.0,2.0,2.0,2.0,2.0,2.0,2.0,2.0,2.0,2.0,2.0
2018-01-31 08:24:41.745578,-8.066666666666666,73.699997,0.26822399999999996,188.0,39.92853007813018,7.201469921869827,10.0,100,60.0,19.411993888888883,22.22222222222222,1,52.26755811111112,2.0,2.0,2.0,2.0,2.0,2.0,2.0,2.0,2.0,2.0,2.0,2.0,2.0,2.0,2.0
2018-01-31 08:29:48.920994,-8.066666666666666,73.699997,0.26822399999999996,188.0,41.580404030869055,6.269595969130944,10.0,100,60.0,19.519992222222225,22.22222222222222,1,62.41717166666667,2.0,2.0,2.0,2.0,2.0,2.0,2.0,2.0,2.0,2.0,2.0,2.0,2.0,2.0,2.0
2018-01-31 08:34:56.277030,-8.066666666666666,73.699997,0.26822399999999996,188.0,40.87313277380224,4.5968672261977614,10.0,100,60.0,19.579993333333334,22.22222222222222,1,54.105075722222224,2.0,2.0,2.0,2.0,2.0,2.0,2.0,2.0,2.0,2.0,2.0,2.0,2.0,2.0,2.0
2018-01-31 08:40:03.781062,-8.066666666666666,73.699997,0.26822399999999996,188.0,40.65937972816753,3.6706202718324716,10.0,100,60.0,19.67999333333333,22.22222222222222,1,53.084276055555556,2.0,2.0,2.0,2.0,2.0,2.0,2.0,2.0,2.0,2.0,2.0,2.0,2.0,2.0,2.0
2018-01-31 08:45:11.174988,-8.066666666666666,73.699997,0.26822399999999996,188.0,47.000892603574556,5.019107396425448,10.0,100,60.0,19.73999,22.22222222222222,1,52.72047105555556,2.0,2.0,2.0,2.0,2.0,2.0,2.0,2.0,2.0,2.0,2.0,2.0,2.0,2.0,2.0
2018-01-31 08:50:18.248991,-8.066666666666666,73.699997,0.26822399999999996,188.0,54.594119784066095,7.155880215933902,10.0,100,60.0,19.815991666666665,22.22222222222222,1,51.847584888888875,2.0,2.0,2.0,2.0,2.0,2.0,2.0,2.0,2.0,2.0,2.0,2.0,2.0,2.0,2.0
2018-01-31 08:55:25.132995,-7.6055561111111105,72.800003,1.743456,175.0,64.39056544534247,11.229434554657532,10.0,100,60.0,19.88799222222222,22.22222222222222,1,54.20993411111112,2.0,2.0,2.0,2.0,2.0,2.0,2.0,2.0,2.0,2.0,2.0,2.0,2.0,2.0,2.0
2018-01-31 09:00:32.296991,-7.6055561111111105,72.800003,1.743456,175.0,73.3506975969984,16.0993024030016,10.0,100,60.0,19.96799055555556,22.22222222222222,1,57.31936161111111,2.0,2.0,2.0,2.0,2.0,2.0,2.0,2.0,2.0,2.0,2.0,2.0,2.0,2.0,2.0
2018-01-31 09:05:40.267928,-7.6055561111111105,72.800003,1.743456,175.0,76.29181615066248,15.598183849337525,10.0,0.0,60.0,20.02399444444444,22.22222222222222,1,66.13089972222222,2.0,2.0,2.0,2.0,2.0,2.0,2.0,2.0,2.0,2.0,2.0,2.0,2.0,2.0,2.0
2018-01-31 09:10:47.576993,-7.6055561111111105,72.800003,1.743456,175.0,77.18068871882234,13.649311281177662,10.0,0.0,60.0,20.127991666666667,22.22222222222222,1,55.91962238888888,2.0,2.0,2.0,2.0,2.0,2.0,2.0,2.0,2.0,2.0,2.0,2.0,2.0,2.0,2.0
2018-01-31 09:15:55.088992,-7.6055561111111105,72.800003,1.743456,175.0,81.41660416248716,14.453395837512836,10.0,0.0,60.0,20.199991666666662,22.22222222222222,1,51.53173888888888,2.0,2.0,2.0,2.0,2.0,2.0,2.0,2.0,2.0,2.0,2.0,2.0,2.0,2.0,2.0
2018-01-31 09:21:02.621060,-7.6055561111111105,72.800003,1.743456,175.0,89.35732497074412,18.332675029255892,10.0,0.0,60.0,20.279994444444444,22.22222222222222,1,55.41359011111111,2.0,2.0,2.0,2.0,2.0,2.0,2.0,2.0,2.0,2.0,2.0,2.0,2.0,2.0,2.0
2018-01-31 09:26:09.669340,-6.8666672222222225,71.599998,1.028192,180.0,97.81661230772296,23.64338769227702,10.0,0.0,60.0,20.35998888888889,22.22222222222222,1,47.176262222222235,2.0,2.0,2.0,2.0,2.0,2.0,2.0,2.0,2.0,2.0,2.0,2.0,2.0,2.0,2.0
2018-01-31 09:31:17.204992,-6.8666672222222225,71.599998,1.028192,180.0,99.59505651977398,21.744943480226038,10.0,0.0,60.0,20.435994444444443,22.22222222222222,1,56.882234166666656,2.0,2.0,2.0,2.0,2.0,2.0,2.0,2.0,2.0,2.0,2.0,2.0,2.0,2.0,2.0
2018-01-31 09:36:24.332991,-6.8666672222222225,71.599998,1.028192,180.0,95.50554570647782,15.814454293522177,10.0,0.0,60.0,20.50398944444444,22.22222222222222,1,60.09794277777777,2.0,2.0,2.0,2.0,2.0,2.0,2.0,2.0,2.0,2.0,2.0,2.0,2.0,2.0,2.0
2018-01-31 09:41:31.361017,-6.8666672222222225,71.599998,1.028192,180.0,97.19806473221176,15.07193526778824,10.0,0.0,60.0,20.57199277777778,22.22222222222222,1,63.06786866666667,2.0,2.0,2.0,2.0,2.0,2.0,2.0,2.0,2.0,2.0,2.0,2.0,2.0,2.0,2.0
2018-01-31 09:46:38.589182,-6.8666672222222225,71.599998,1.028192,180.0,99.77696140483005,14.963038595169948,10.0,0.0,60.0,20.651995555555555,22.22222222222222,1,53.73699272222223,2.0,2.0,2.0,2.0,2.0,2.0,2.0,2.0,2.0,2.0,2.0,2.0,2.0,2.0,2.0
2018-01-31 09:51:45.500990,-6.072222222222222,70.900002,1.251712,163.0,94.44344778819094,11.08655221180905,10.0,0.0,60.0,20.73999166666667,22.22222222222222,1,51.7815035,2.0,2.0,2.0,2.0,2.0,2.0,2.0,2.0,2.0,2.0,2.0,2.0,2.0,2.0,2.0
2018-01-31 09:56:52.520992,-6.072222222222222,70.900002,1.251712,163.0,88.61290490780286,8.167095092197153,10.0,0.0,60.0,20.807991111111114,22.22222222222222,1,53.913564277777766,2.0,2.0,2.0,2.0,2.0,2.0,2.0,2.0,2.0,2.0,2.0,2.0,2.0,2.0,2.0
2018-01-31 10:01:59.591938,-6.072222222222222,70.900002,1.251712,163.0,83.59383401091246,6.23616598908753,10.0,0.0,60.0,20.875994444444444,22.22222222222222,1,48.537784333333335,2.0,2.0,2.0,2.0,2.0,2.0,2.0,2.0,2.0,2.0,2.0,2.0,2.0,2.0,2.0
2018-01-31 10:07:06.841019,-6.072222222222222,70.900002,1.251712,163.0,83.92701321172831,5.8929867882716875,10.0,0.0,60.0,20.931993888888886,22.22222222222222,1,53.96116116666667,2.0,2.0,2.0,2.0,2.0,2.0,2.0,2.0,2.0,2.0,2.0,2.0,2.0,2.0,2.0
2018-01-31 10:12:13.808992,-6.072222222222222,70.900002,1.251712,163.0,86.37115517648245,6.058844823517564,10.0,0.0,60.0,20.983992777777775,22.22222222222222,1,55.781804388888894,2.0,2.0,2.0,2.0,2.0,2.0,2.0,2.0,2.0,2.0,2.0,2.0,2.0,2.0,2.0
2018-01-31 10:17:21.296995,-6.072222222222222,70.900002,1.251712,163.0,84.777828923339,5.36217107666102,10.0,0.0,60.0,21.059994444444442,22.22222222222222,1,65.03608555555556,2.0,2.0,2.0,2.0,2.0,2.0,2.0,2.0,2.0,2.0,2.0,2.0,2.0,2.0,2.0
2018-01-31 10:22:28.313016,-6.072222222222222,70.900002,1.251712,163.0,80.65194835500834,4.318051644991659,10.0,0.0,60.0,21.107991666666663,22.22222222222222,1,50.657654888888885,2.0,2.0,2.0,2.0,2.0,2.0,2.0,2.0,2.0,2.0,2.0,2.0,2.0,2.0,2.0
2018-01-31 10:27:35.741053,-5.2000005555555555,69.5,1.028192,159.0,80.77787486495536,4.11212513504466,10.0,0.0,60.0,21.183992777777775,22.22222222222222,1,49.96626394444445,2.0,2.0,2.0,2.0,2.0,2.0,2.0,2.0,2.0,2.0,2.0,2.0,2.0,2.0,2.0
2018-01-31 10:32:42.548992,-5.2000005555555555,69.5,1.028192,159.0,92.1341882976961,5.935811702303905,10.0,0.0,60.0,21.22799333333333,22.22222222222222,1,51.9719231111111,2.0,2.0,2.0,2.0,2.0,2.0,2.0,2.0,2.0,2.0,2.0,2.0,2.0,2.0,2.0
2018-01-31 10:37:50.465047,-5.2000005555555555,69.5,1.028192,159.0,113.03445996410835,11.07554003589165,10.0,0.0,60.0,21.303990555555554,22.22222222222222,1,44.35634244444444,2.0,2.0,2.0,2.0,2.0,2.0,2.0,2.0,2.0,2.0,2.0,2.0,2.0,2.0,2.0
2018-01-31 10:42:57.433533,-5.2000005555555555,69.5,1.028192,159.0,129.47105056271977,16.92894943728026,10.0,0.0,60.0,21.375995000000003,22.22222222222222,1,50.679992,2.0,2.0,2.0,2.0,2.0,2.0,2.0,2.0,2.0,2.0,2.0,2.0,2.0,2.0,2.0
2018-01-31 10:48:04.592994,-5.2000005555555555,69.5,1.028192,159.0,138.96560692238336,20.854393077616663,10.0,0.0,60.0,21.431990555555558,22.22222222222222,1,59.14322899999999,2.0,2.0,2.0,2.0,2.0,2.0,2.0,2.0,2.0,2.0,2.0,2.0,2.0,2.0,2.0
2018-01-31 10:53:11.203836,-4.683333333333333,69.800003,1.028192,145.0,159.62029343730745,34.81970656269256,10.0,0.0,60.0,21.515994444444445,22.22222222222222,1,64.46986305555556,2.0,2.0,2.0,2.0,2.0,2.0,2.0,2.0,2.0,2.0,2.0,2.0,2.0,2.0,2.0
2018-01-31 10:58:17.916993,-4.683333333333333,69.800003,1.028192,145.0,174.02691988173834,50.38308011826164,10.0,0.0,60.0,21.591991666666665,22.22222222222222,1,52.893505444444436,2.0,2.0,2.0,2.0,2.0,2.0,2.0,2.0,2.0,2.0,2.0,2.0,2.0,2.0,2.0
2018-01-31 11:03:25.043329,-4.683333333333333,69.800003,1.028192,145.0,175.94456181542046,49.42543818457955,10.0,0.0,60.0,21.66798888888889,22.22222222222222,1,47.14939727777778,2.0,2.0,2.0,2.0,2.0,2.0,2.0,2.0,2.0,2.0,2.0,2.0,2.0,2.0,2.0
2018-01-31 11:08:32.481036,-4.683333333333333,69.800003,1.028192,145.0,176.41898910999214,46.6210108900079,10.0,0.0,49.012883333333335,21.743990555555555,22.22222222222222,1,37.92643072222223,2.0,2.0,2.0,2.0,2.0,2.0,2.0,2.0,2.0,2.0,2.0,2.0,2.0,2.0,2.0
2018-01-31 11:10:45.129070,-4.683333333333333,69.800003,1.028192,145.0,183.12568812758147,56.16431187241853,10.0,6.666666666666667,48.75286944444444,21.807997222222223,22.22222222222222,1,5.779977,2.0,2.0,2.0,2.0,2.0,2.0,2.0,2.0,2.0,2.0,2.0,2.0,0.0,2.0,2.0
2018-01-31 11:15:51.845024,-4.683333333333333,69.800003,1.028192,145.0,194.2654678650954,107.69453213490456,10.0,6.666666666666667,48.15288111111111,21.903991666666663,22.22222222222222,1,8.424516222222223,2.0,2.0,2.0,2.0,2.0,2.0,2.0,2.0,2.0,2.0,2.0,2.0,0.0,2.0,2.0
2018-01-31 11:20:59.434000,-3.511111111111111,67.699997,1.028192,170.0,275.9136343753948,97.63636562460522,10.0,3.3333333333333335,34.388936111111114,21.963992777777772,22.22222222222222,1,5.670427833333335,2.0,2.0,2.0,2.0,2.0,2.0,2.0,2.0,2.0,2.0,2.0,2.0,1.0,2.0,2.0
2018-01-31 11:26:06.184992,-3.511111111111111,67.699997,1.028192,170.0,263.0583933809771,143.36160661902287,10.0,3.3333333333333335,33.948932222222226,22.02399333333333,22.22222222222222,1,5.380638944444444,2.0,2.0,2.0,2.0,2.0,2.0,2.0,2.0,2.0,2.0,2.0,2.0,1.0,2.0,2.0
2018-01-31 11:31:12.768993,-3.511111111111111,67.699997,1.028192,170.0,195.0109126520048,146.77908734799524,10.0,3.3333333333333335,33.76892111111111,22.05999166666666,22.22222222222222,1,5.285303166666667,2.0,2.0,2.0,2.0,2.0,2.0,2.0,2.0,2.0,2.0,2.0,2.0,1.0,2.0,2.0
2018-01-31 11:35:18.542737,-3.511111111111111,67.699997,1.028192,170.0,203.47325839115445,113.46674160884555,10.0,6.666666666666667,33.568925,22.071991111111114,22.22222222222222,1,4.35091725,2.0,2.0,2.0,2.0,2.0,2.0,2.0,2.0,2.0,2.0,2.0,2.0,4.0,2.0,2.0
2018-01-31 11:36:50.875189,-3.511111111111111,67.699997,1.028192,170.0,204.4376489870938,109.0723510129062,10.0,20.0,45.95039777777778,22.091992777777776,22.22222222222222,1,5.741736,3.0,2.0,2.0,2.0,2.0,3.0,3.0,2.0,2.0,3.0,3.0,2.0,3.0,2.0,2.0
2018-01-31 11:41:58.479256,-3.511111111111111,67.699997,1.028192,170.0,197.81774595182853,154.5522540481715,10.0,0.0,45.870394999999995,22.099994999999996,22.22222222222222,1,60.22337522222222,2.0,2.0,2.0,2.0,2.0,2.0,2.0,2.0,2.0,2.0,2.0,2.0,2.0,2.0,2.0
2018-01-31 11:47:05.897035,-3.511111111111111,67.699997,1.028192,170.0,278.875818470738,133.54418152926203,10.0,0.0,33.38891333333333,22.099994999999996,22.22222222222222,1,52.94829533333333,2.0,2.0,2.0,2.0,2.0,2.0,2.0,2.0,2.0,2.0,2.0,2.0,2.0,2.0,2.0
2018-01-31 11:52:08.273025,-2.1888894444444436,64.5,1.028192,188.0,271.51863633217357,159.54136366782646,10.0,0.0,33.168932777777776,22.14399111111111,22.22222222222222,1,0.13473617647058825,2.0,2.0,2.0,2.0,2.0,2.0,2.0,2.0,2.0,2.0,2.0,2.0,2.0,2.0,2.0
2018-01-31 11:57:17.143861,-2.1888894444444436,64.5,1.028192,188.0,285.03141810410534,128.63858189589467,10.0,0.0,33.12892055555556,22.151993888888885,22.22222222222222,1,6.488991470588237,2.0,2.0,2.0,2.0,2.0,2.0,2.0,2.0,2.0,2.0,2.0,2.0,2.0,2.0,2.0
2018-01-31 12:02:28.209859,-2.1888894444444436,64.5,1.028192,188.0,285.21172627044893,133.12827372955107,10.0,0.0,33.048917777777774,22.167994444444442,22.22222222222222,1,2.770346000000001,2.0,2.0,2.0,2.0,2.0,2.0,2.0,2.0,2.0,2.0,2.0,2.0,2.0,2.0,2.0
2018-01-31 12:07:35.080995,-2.1888894444444436,64.5,1.028192,188.0,213.80443294096557,107.65556705903441,10.0,0.0,44.16127111111111,22.147992222222225,22.22222222222222,1,3.7994495555555563,2.0,2.0,2.0,2.0,2.0,2.0,2.0,2.0,2.0,2.0,2.0,2.0,2.0,2.0,2.0
2018-01-31 12:12:42.828990,-2.1888894444444436,64.5,1.028192,188.0,192.1869612480012,44.53303875199882,10.0,0.0,44.221267777777776,22.135993333333328,22.22222222222222,1,66.48775344444445,2.0,2.0,2.0,2.0,2.0,2.0,2.0,2.0,2.0,2.0,2.0,2.0,2.0,2.0,2.0
2018-01-31 12:17:50.332282,-2.1888894444444436,64.5,1.028192,188.0,187.75110636335714,39.54889363664289,10.0,0.0,44.42126388888889,22.09599388888889,22.22222222222222,1,32.973881166666665,2.0,2.0,2.0,2.0,2.0,2.0,2.0,2.0,2.0,2.0,2.0,2.0,2.0,2.0,2.0
2018-01-31 12:22:58.397710,-1.3833333333333324,61.099998,1.028192,161.0,181.34785397035145,33.82214602964853,10.0,0.0,43.64621888888889,22.07599222222222,22.22222222222222,1,32.695157944444446,2.0,2.0,2.0,2.0,2.0,2.0,2.0,2.0,2.0,2.0,2.0,2.0,2.0,2.0,2.0
2018-01-31 12:28:05.345036,-1.3833333333333324,61.099998,1.028192,161.0,190.89749845200538,42.08250154799461,10.0,0.0,43.666225,22.07599222222222,22.22222222222222,1,33.79176855555555,2.0,2.0,2.0,2.0,2.0,2.0,2.0,2.0,2.0,2.0,2.0,2.0,2.0,2.0,2.0
2018-01-31 12:33:12.761002,-1.3833333333333324,61.099998,1.028192,161.0,199.3796136727556,51.94038632724439,10.0,0.0,43.70621555555555,22.055990555555557,22.22222222222222,1,24.456787888888886,2.0,2.0,2.0,2.0,2.0,2.0,2.0,2.0,2.0,2.0,2.0,2.0,2.0,2.0,2.0
2018-01-31 12:38:20.435818,-1.3833333333333324,61.099998,1.028192,161.0,191.23055997022388,42.399440029776095,10.0,0.0,43.746206666666666,22.043995555555554,22.22222222222222,1,16.779526277777776,2.0,2.0,2.0,2.0,2.0,2.0,2.0,2.0,2.0,2.0,2.0,2.0,2.0,2.0,2.0
2018-01-31 12:43:27.773022,-1.3833333333333324,61.099998,1.028192,161.0,190.82852016348536,42.181479836514654,10.0,0.0,43.806203333333336,22.051993333333336,22.22222222222222,1,24.019611222222224,2.0,2.0,2.0,2.0,2.0,2.0,2.0,2.0,2.0,2.0,2.0,2.0,2.0,2.0,2.0
2018-01-31 12:48:34.931592,-1.3833333333333324,61.099998,1.028192,161.0,193.04977583343828,44.88022416656173,10.0,0.0,43.806203333333336,22.039993888888887,22.22222222222222,1,36.53297111111111,2.0,2.0,2.0,2.0,2.0,2.0,2.0,2.0,2.0,2.0,2.0,2.0,2.0,2.0,2.0
2018-01-31 12:53:41.880992,-0.677777222222223,58.799999,1.028192,178.0,201.5335106013539,56.80648939864607,10.0,0.0,43.06224388888889,22.043995555555554,22.22222222222222,1,26.32871961111111,2.0,2.0,2.0,2.0,2.0,2.0,2.0,2.0,2.0,2.0,2.0,2.0,2.0,2.0,2.0
2018-01-31 12:58:49.072319,-0.677777222222223,58.799999,1.028192,178.0,211.2238800384006,82.17611996159937,10.0,0.0,43.002247222222216,22.031991666666666,22.22222222222222,1,22.363667777777774,2.0,2.0,2.0,2.0,2.0,2.0,2.0,2.0,2.0,2.0,2.0,2.0,2.0,2.0,2.0
2018-01-31 13:03:56.305046,-0.677777222222223,58.799999,1.028192,178.0,204.93497871832312,155.7050212816769,10.0,0.0,43.06224388888889,22.039993888888887,22.22222222222222,1,26.235168222222224,2.0,2.0,2.0,2.0,2.0,2.0,2.0,2.0,2.0,2.0,2.0,2.0,2.0,2.0,2.0
2018-01-31 13:09:02.865036,-0.677777222222223,58.799999,1.028192,178.0,296.5684806718005,97.35151932819956,10.0,0.0,42.98226277777778,22.03999,22.22222222222222,1,28.990930499999997,2.0,2.0,2.0,2.0,2.0,2.0,2.0,2.0,2.0,2.0,2.0,2.0,2.0,2.0,2.0
2018-01-31 13:14:10.496994,-0.677777222222223,58.799999,1.028192,178.0,195.83185874938258,173.0981412506175,10.0,0.0,42.96225666666666,22.055994444444444,22.22222222222222,1,21.010121277777777,2.0,2.0,2.0,2.0,2.0,2.0,2.0,2.0,2.0,2.0,2.0,2.0,2.0,2.0,2.0
2018-01-31 13:19:17.838790,-0.677777222222223,58.799999,1.028192,178.0,290.16194361886505,103.29805638113497,10.0,0.0,42.90223888888889,22.063992777777777,22.22222222222222,1,30.045342999999995,2.0,2.0,2.0,2.0,2.0,2.0,2.0,2.0,2.0,2.0,2.0,2.0,2.0,2.0,2.0
