Time,SPACE1-1:PITTSBURGH ALLEGHENY CO AP ANN HTG 99.6% CONDNS DB:Des Heat Load [W],SPACE1-1:PITTSBURGH ALLEGHENY CO AP ANN CLG .4% CONDNS DB=>MWB:Des Sens Cool Load [W],SPACE1-1:PITTSBURGH ALLEGHENY CO AP ANN HTG 99.6% CONDNS DB:Des Heat Mass Flow [kg/s],SPACE1-1:PITTSBURGH ALLEGHENY CO AP ANN CLG .4% CONDNS DB=>MWB:Des Cool Mass Flow [kg/s],SPACE2-1:PITTSBURGH ALLEGHENY CO AP ANN HTG 99.6% CONDNS DB:Des Heat Load [W],SPACE2-1:PITTSBURGH ALLEGHENY CO AP ANN CLG .4% CONDNS DB=>MWB:Des Sens Cool Load [W],SPACE2-1:PITTSBURGH ALLEGHENY CO AP ANN HTG 99.6% CONDNS DB:Des Heat Mass Flow [kg/s],SPACE2-1:PITTSBURGH ALLEGHENY CO AP ANN CLG .4% CONDNS DB=>MWB:Des Cool Mass Flow [kg/s],SPACE3-1:PITTSBURGH ALLEGHENY CO AP ANN HTG 99.6% CONDNS DB:Des Heat Load [W],SPACE3-1:PITTSBURGH ALLEGHENY CO AP ANN CLG .4% CONDNS DB=>MWB:Des Sens Cool Load [W],SPACE3-1:PITTSBURGH ALLEGHENY CO AP ANN HTG 99.6% CONDNS DB:Des Heat Mass Flow [kg/s],SPACE3-1:PITTSBURGH ALLEGHENY CO AP ANN CLG .4% CONDNS DB=>MWB:Des Cool Mass Flow [kg/s],SPACE4-1:PITTSBURGH ALLEGHENY CO AP ANN HTG 99.6% CONDNS DB:Des Heat Load [W],SPACE4-1:PITTSBURGH ALLEGHENY CO AP ANN CLG .4% CONDNS DB=>MWB:Des Sens Cool Load [W],SPACE4-1:PITTSBURGH ALLEGHENY CO AP ANN HTG 99.6% CONDNS DB:Des Heat Mass Flow [kg/s],SPACE4-1:PITTSBURGH ALLEGHENY CO AP ANN CLG .4% CONDNS DB=>MWB:Des Cool Mass Flow [kg/s],SPACE5-1:PITTSBURGH ALLEGHENY CO AP ANN HTG 99.6% CONDNS DB:Des Heat Load [W],SPACE5-1:PITTSBURGH ALLEGHENY CO AP ANN CLG .4% CONDNS DB=>MWB:Des Sens Cool Load [W],SPACE5-1:PITTSBURGH ALLEGHENY CO AP ANN HTG 99.6% CONDNS DB:Des Heat Mass Flow [kg/s],SPACE5-1:PITTSBURGH ALLEGHENY CO AP ANN CLG .4% CONDNS DB=>MWB:Des Cool Mass Flow [kg/s]
00:05:00,3.696024E+03,5.353973E-01,1.123435E-01,6.551154E-05,1.535310E+03,1.075500E-01,4.666696E-02,1.316042E-05,3.581501E+03,0.000000E+00,1.088625E-01,0.000000E+00,1.535310E+03,1.149300E+00,4.666696E-02,1.406291E-04,2.321093E+03,0.000000E+00,7.055145E-02,0.000000E+00
00:10:00,3.696024E+03,0.000000E+00,1.123435E-01,0.000000E+00,1.535310E+03,0.000000E+00,4.666696E-02,0.000000E+00,3.581501E+03,0.000000E+00,1.088625E-01,0.000000E+00,1.535310E+03,3.345553E-01,4.666696E-02,4.093640E-05,2.321093E+03,0.000000E+00,7.055145E-02,0.000000E+00
00:15:00,3.696024E+03,0.000000E+00,1.123435E-01,0.000000E+00,1.535310E+03,0.000000E+00,4.666696E-02,0.000000E+00,3.581501E+03,0.000000E+00,1.088625E-01,0.000000E+00,1.535310E+03,0.000000E+00,4.666696E-02,0.000000E+00,2.321093E+03,0.000000E+00,7.055145E-02,0.000000E+00
00:20:00,3.696024E+03,0.000000E+00,1.123435E-01,0.000000E+00,1.535310E+03,0.000000E+00,4.666696E-02,0.000000E+00,3.581501E+03,0.000000E+00,1.088625E-01,0.000000E+00,1.535310E+03,0.000000E+00,4.666696E-02,0.000000E+00,2.321093E+03,0.000000E+00,7.055145E-02,0.000000E+00
00:25:00,3.696024E+03,0.000000E+00,1.123435E-01,0.000000E+00,1.535310E+03,0.000000E+00,4.666696E-02,0.000000E+00,3.581501E+03,0.000000E+00,1.088625E-01,0.000000E+00,1.535310E+03,0.000000E+00,4.666696E-02,0.000000E+00,2.321093E+03,0.000000E+00,7.055145E-02,0.000000E+00
00:30:00,3.696024E+03,0.000000E+00,1.123435E-01,0.000000E+00,1.535310E+03,0.000000E+00,4.666696E-02,0.000000E+00,3.581501E+03,0.000000E+00,1.088625E-01,0.000000E+00,1.535310E+03,0.000000E+00,4.666696E-02,0.000000E+00,2.321093E+03,0.000000E+00,7.055145E-02,0.000000E+00
00:35:00,3.696024E+03,0.000000E+00,1.123435E-01,0.000000E+00,1.535310E+03,0.000000E+00,4.666696E-02,0.000000E+00,3.581501E+03,0.000000E+00,1.088625E-01,0.000000E+00,1.535310E+03,0.000000E+00,4.666696E-02,0.000000E+00,2.321093E+03,0.000000E+00,7.055145E-02,0.000000E+00
00:40:00,3.696024E+03,0.000000E+00,1.123435E-01,0.000000E+00,1.535310E+03,0.000000E+00,4.666696E-02,0.000000E+00,3.581501E+03,0.000000E+00,1.088625E-01,0.000000E+00,1.535310E+03,0.000000E+00,4.666696E-02,0.000000E+00,2.321093E+03,0.000000E+00,7.055145E-02,0.000000E+00
00:45:00,3.696024E+03,0.000000E+00,1.123435E-01,0.000000E+00,1.535310E+03,0.000000E+00,4.666696E-02,0.000000E+00,3.581501E+03,0.000000E+00,1.088625E-01,0.000000E+00,1.535310E+03,0.000000E+00,4.666696E-02,0.000000E+00,2.321093E+03,0.000000E+00,7.055145E-02,0.000000E+00
00:50:00,3.696024E+03,0.000000E+00,1.123435E-01,0.000000E+00,1.535310E+03,0.000000E+00,4.666696E-02,0.000000E+00,3.581501E+03,0.000000E+00,1.088625E-01,0.000000E+00,1.535310E+03,0.000000E+00,4.666696E-02,0.000000E+00,2.321093E+03,0.000000E+00,7.055145E-02,0.000000E+00
00:55:00,3.696024E+03,0.000000E+00,1.123435E-01,0.000000E+00,1.535310E+03,0.000000E+00,4.666696E-02,0.000000E+00,3.581501E+03,0.000000E+00,1.088625E-01,0.000000E+00,1.535310E+03,0.000000E+00,4.666696E-02,0.000000E+00,2.321093E+03,0.000000E+00,7.055145E-02,0.000000E+00
01:00:00,3.696024E+03,0.000000E+00,1.123435E-01,0.000000E+00,1.535310E+03,0.000000E+00,4.666696E-02,0.000000E+00,3.581501E+03,0.000000E+00,1.088625E-01,0.000000E+00,1.535310E+03,0.000000E+00,4.666696E-02,0.000000E+00,2.321093E+03,0.000000E+00,7.055145E-02,0.000000E+00
01:05:00,3.696024E+03,0.000000E+00,1.123435E-01,0.000000E+00,1.535310E+03,0.000000E+00,4.666696E-02,0.000000E+00,3.581501E+03,0.000000E+00,1.088625E-01,0.000000E+00,1.535310E+03,0.000000E+00,4.666696E-02,0.000000E+00,2.321093E+03,0.000000E+00,7.055145E-02,0.000000E+00
01:10:00,3.696024E+03,0.000000E+00,1.123435E-01,0.000000E+00,1.535310E+03,0.000000E+00,4.666696E-02,0.000000E+00,3.581501E+03,0.000000E+00,1.088625E-01,0.000000E+00,1.535310E+03,0.000000E+00,4.666696E-02,0.000000E+00,2.321093E+03,0.000000E+00,7.055145E-02,0.000000E+00
01:15:00,3.696024E+03,0.000000E+00,1.123435E-01,0.000000E+00,1.535310E+03,0.000000E+00,4.666696E-02,0.000000E+00,3.581501E+03,0.000000E+00,1.088625E-01,0.000000E+00,1.535310E+03,0.000000E+00,4.666696E-02,0.000000E+00,2.321093E+03,0.000000E+00,7.055145E-02,0.000000E+00
01:20:00,3.696024E+03,0.000000E+00,1.123435E-01,0.000000E+00,1.535310E+03,0.000000E+00,4.666696E-02,0.000000E+00,3.581501E+03,0.000000E+00,1.088625E-01,0.000000E+00,1.535310E+03,0.000000E+00,4.666696E-02,0.000000E+00,2.321093E+03,0.000000E+00,7.055145E-02,0.000000E+00
01:25:00,3.696024E+03,0.000000E+00,1.123435E-01,0.000000E+00,1.535310E+03,0.000000E+00,4.666696E-02,0.000000E+00,3.581501E+03,0.000000E+00,1.088625E-01,0.000000E+00,1.535310E+03,0.000000E+00,4.666696E-02,0.000000E+00,2.321093E+03,0.000000E+00,7.055145E-02,0.000000E+00
01:30:00,3.696024E+03,0.000000E+00,1.123435E-01,0.000000E+00,1.535310E+03,0.000000E+00,4.666696E-02,0.000000E+00,3.581501E+03,0.000000E+00,1.088625E-01,0.000000E+00,1.535310E+03,0.000000E+00,4.666696E-02,0.000000E+00,2.321093E+03,0.000000E+00,7.055145E-02,0.000000E+00
01:35:00,3.696024E+03,0.000000E+00,1.123435E-01,0.000000E+00,1.535310E+03,0.000000E+00,4.666696E-02,0.000000E+00,3.581501E+03,0.000000E+00,1.088625E-01,0.000000E+00,1.535310E+03,0.000000E+00,4.666696E-02,0.000000E+00,2.321093E+03,0.000000E+00,7.055145E-02,0.000000E+00
01:40:00,3.696024E+03,0.000000E+00,1.123435E-01,0.000000E+00,1.535310E+03,0.000000E+00,4.666696E-02,0.000000E+00,3.581501E+03,0.000000E+00,1.088625E-01,0.000000E+00,1.535310E+03,0.000000E+00,4.666696E-02,0.000000E+00,2.321093E+03,0.000000E+00,7.055145E-02,0.000000E+00
01:45:00,3.696024E+03,0.000000E+00,1.123435E-01,0.000000E+00,1.535310E+03,0.000000E+00,4.666696E-02,0.000000E+00,3.581501E+03,0.000000E+00,1.088625E-01,0.000000E+00,1.535310E+03,0.000000E+00,4.666696E-02,0.000000E+00,2.321093E+03,0.000000E+00,7.055145E-02,0.000000E+00
01:50:00,3.696024E+03,0.000000E+00,1.123435E-01,0.000000E+00,1.535310E+03,0.000000E+00,4.666696E-02,0.000000E+00,3.581501E+03,0.000000E+00,1.088625E-01,0.000000E+00,1.535310E+03,0.000000E+00,4.666696E-02,0.000000E+00,2.321093E+03,0.000000E+00,7.055145E-02,0.000000E+00
01:55:00,3.696024E+03,0.000000E+00,1.123435E-01,0.000000E+00,1.535310E+03,0.000000E+00,4.666696E-02,0.000000E+00,3.581501E+03,0.000000E+00,1.088625E-01,0.000000E+00,1.535310E+03,0.000000E+00,4.666696E-02,0.000000E+00,2.321093E+03,0.000000E+00,7.055145E-02,0.000000E+00
02:00:00,3.696024E+03,0.000000E+00,1.123435E-01,0.000000E+00,1.535310E+03,0.000000E+00,4.666696E-02,0.000000E+00,3.581501E+03,0.000000E+00,1.088625E-01,0.000000E+00,1.535310E+03,0.000000E+00,4.666696E-02,0.000000E+00,2.321093E+03,0.000000E+00,7.055145E-02,0.000000E+00
02:05:00,3.696024E+03,0.000000E+00,1.123435E-01,0.000000E+00,1.535310E+03,0.000000E+00,4.666696E-02,0.000000E+00,3.581501E+03,0.000000E+00,1.088625E-01,0.000000E+00,1.535310E+03,0.000000E+00,4.666696E-02,0.000000E+00,2.321093E+03,0.000000E+00,7.055145E-02,0.000000E+00
02:10:00,3.696024E+03,0.000000E+00,1.123435E-01,0.000000E+00,1.535310E+03,0.000000E+00,4.666696E-02,0.000000E+00,3.581501E+03,0.000000E+00,1.088625E-01,0.000000E+00,1.535310E+03,0.000000E+00,4.666696E-02,0.000000E+00,2.321093E+03,0.000000E+00,7.055145E-02,0.000000E+00
02:15:00,3.696024E+03,0.000000E+00,1.123435E-01,0.000000E+00,1.535310E+03,0.000000E+00,4.666696E-02,0.000000E+00,3.581501E+03,0.000000E+00,1.088625E-01,0.000000E+00,1.535310E+03,0.000000E+00,4.666696E-02,0.000000E+00,2.321093E+03,0.000000E+00,7.055145E-02,0.000000E+00
02:20:00,3.696024E+03,0.000000E+00,1.123435E-01,0.000000E+00,1.535310E+03,0.000000E+00,4.666696E-02,0.000000E+00,3.581501E+03,0.000000E+00,1.088625E-01,0.000000E+00,1.535310E+03,0.000000E+00,4.666696E-02,0.000000E+00,2.321093E+03,0.000000E+00,7.055145E-02,0.000000E+00
02:25:00,3.696024E+03,0.000000E+00,1.123435E-01,0.000000E+00,1.535310E+03,0.000000E+00,4.666696E-02,0.000000E+00,3.581501E+03,0.000000E+00,1.088625E-01,0.000000E+00,1.535310E+03,0.000000E+00,4.666696E-02,0.000000E+00,2.321093E+03,0.000000E+00,7.055145E-02,0.000000E+00
02:30:00,3.696024E+03,0.000000E+00,1.123435E-01,0.000000E+00,1.535310E+03,0.000000E+00,4.666696E-02,0.000000E+00,3.581501E+03,0.000000E+00,1.088625E-01,0.000000E+00,1.535310E+03,0.000000E+00,4.666696E-02,0.000000E+00,2.321093E+03,0.000000E+00,7.055145E-02,0.000000E+00
02:35:00,3.696024E+03,0.000000E+00,1.123435E-01,0.000000E+00,1.535310E+03,0.000000E+00,4.666696E-02,0.000000E+00,3.581501E+03,0.000000E+00,1.088625E-01,0.000000E+00,1.535310E+03,0.000000E+00,4.666696E-02,0.000000E+00,2.321093E+03,0.000000E+00,7.055145E-02,0.000000E+00
02:40:00,3.696024E+03,0.000000E+00,1.123435E-01,0.000000E+00,1.535310E+03,0.000000E+00,4.666696E-02,0.000000E+00,3.581501E+03,0.000000E+00,1.088625E-01,0.000000E+00,1.535310E+03,0.000000E+00,4.666696E-02,0.000000E+00,2.321093E+03,0.000000E+00,7.055145E-02,0.000000E+00
02:45:00,3.696024E+03,0.000000E+00,1.123435E-01,0.000000E+00,1.535310E+03,0.000000E+00,4.666696E-02,0.000000E+00,3.581501E+03,0.000000E+00,1.088625E-01,0.000000E+00,1.535310E+03,0.000000E+00,4.666696E-02,0.000000E+00,2.321093E+03,0.000000E+00,7.055145E-02,0.000000E+00
02:50:00,3.696024E+03,0.000000E+00,1.123435E-01,0.000000E+00,1.535310E+03,0.000000E+00,4.666696E-02,0.000000E+00,3.581501E+03,0.000000E+00,1.088625E-01,0.000000E+00,1.535310E+03,0.000000E+00,4.666696E-02,0.000000E+00,2.321093E+03,0.000000E+00,7.055145E-02,0.000000E+00
02:55:00,3.696024E+03,0.000000E+00,1.123435E-01,0.000000E+00,1.535310E+03,0.000000E+00,4.666696E-02,0.000000E+00,3.581501E+03,0.000000E+00,1.088625E-01,0.000000E+00,1.535310E+03,0.000000E+00,4.666696E-02,0.000000E+00,2.321093E+03,0.000000E+00,7.055145E-02,0.000000E+00
03:00:00,3.696024E+03,0.000000E+00,1.123435E-01,0.000000E+00,1.535310E+03,0.000000E+00,4.666696E-02,0.000000E+00,3.581501E+03,0.000000E+00,1.088625E-01,0.000000E+00,1.535310E+03,0.000000E+00,4.666696E-02,0.000000E+00,2.321093E+03,0.000000E+00,7.055145E-02,0.000000E+00
03:05:00,3.696024E+03,0.000000E+00,1.123435E-01,0.000000E+00,1.535310E+03,0.000000E+00,4.666696E-02,0.000000E+00,3.581501E+03,0.000000E+00,1.088625E-01,0.000000E+00,1.535310E+03,0.000000E+00,4.666696E-02,0.000000E+00,2.321093E+03,0.000000E+00,7.055145E-02,0.000000E+00
03:10:00,3.696024E+03,0.000000E+00,1.123435E-01,0.000000E+00,1.535310E+03,0.000000E+00,4.666696E-02,0.000000E+00,3.581501E+03,0.000000E+00,1.088625E-01,0.000000E+00,1.535310E+03,0.000000E+00,4.666696E-02,0.000000E+00,2.321093E+03,0.000000E+00,7.055145E-02,0.000000E+00
03:15:00,3.696024E+03,0.000000E+00,1.123435E-01,0.000000E+00,1.535310E+03,0.000000E+00,4.666696E-02,0.000000E+00,3.581501E+03,0.000000E+00,1.088625E-01,0.000000E+00,1.535310E+03,0.000000E+00,4.666696E-02,0.000000E+00,2.321093E+03,0.000000E+00,7.055145E-02,0.000000E+00
03:20:00,3.696024E+03,0.000000E+00,1.123435E-01,0.000000E+00,1.535310E+03,0.000000E+00,4.666696E-02,0.000000E+00,3.581501E+03,0.000000E+00,1.088625E-01,0.000000E+00,1.535310E+03,0.000000E+00,4.666696E-02,0.000000E+00,2.321093E+03,0.000000E+00,7.055145E-02,0.000000E+00
03:25:00,3.696024E+03,0.000000E+00,1.123435E-01,0.000000E+00,1.535310E+03,0.000000E+00,4.666696E-02,0.000000E+00,3.581501E+03,0.000000E+00,1.088625E-01,0.000000E+00,1.535310E+03,0.000000E+00,4.666696E-02,0.000000E+00,2.321093E+03,0.000000E+00,7.055145E-02,0.000000E+00
03:30:00,3.696024E+03,0.000000E+00,1.123435E-01,0.000000E+00,1.535310E+03,0.000000E+00,4.666696E-02,0.000000E+00,3.581501E+03,0.000000E+00,1.088625E-01,0.000000E+00,1.535310E+03,0.000000E+00,4.666696E-02,0.000000E+00,2.321093E+03,0.000000E+00,7.055145E-02,0.000000E+00
03:35:00,3.696024E+03,0.000000E+00,1.123435E-01,0.000000E+00,1.535310E+03,0.000000E+00,4.666696E-02,0.000000E+00,3.581501E+03,0.000000E+00,1.088625E-01,0.000000E+00,1.535310E+03,0.000000E+00,4.666696E-02,0.000000E+00,2.321093E+03,0.000000E+00,7.055145E-02,0.000000E+00
03:40:00,3.696024E+03,0.000000E+00,1.123435E-01,0.000000E+00,1.535310E+03,0.000000E+00,4.666696E-02,0.000000E+00,3.581501E+03,0.000000E+00,1.088625E-01,0.000000E+00,1.535310E+03,0.000000E+00,4.666696E-02,0.000000E+00,2.321093E+03,0.000000E+00,7.055145E-02,0.000000E+00
03:45:00,3.696024E+03,0.000000E+00,1.123435E-01,0.000000E+00,1.535310E+03,0.000000E+00,4.666696E-02,0.000000E+00,3.581501E+03,0.000000E+00,1.088625E-01,0.000000E+00,1.535310E+03,0.000000E+00,4.666696E-02,0.000000E+00,2.321093E+03,0.000000E+00,7.055145E-02,0.000000E+00
03:50:00,3.696024E+03,0.000000E+00,1.123435E-01,0.000000E+00,1.535310E+03,0.000000E+00,4.666696E-02,0.000000E+00,3.581501E+03,0.000000E+00,1.088625E-01,0.000000E+00,1.535310E+03,0.000000E+00,4.666696E-02,0.000000E+00,2.321093E+03,0.000000E+00,7.055145E-02,0.000000E+00
03:55:00,3.696024E+03,0.000000E+00,1.123435E-01,0.000000E+00,1.535310E+03,0.000000E+00,4.666696E-02,0.000000E+00,3.581501E+03,0.000000E+00,1.088625E-01,0.000000E+00,1.535310E+03,0.000000E+00,4.666696E-02,0.000000E+00,2.321093E+03,0.000000E+00,7.055145E-02,0.000000E+00
04:00:00,3.696024E+03,0.000000E+00,1.123435E-01,0.000000E+00,1.535310E+03,0.000000E+00,4.666696E-02,0.000000E+00,3.581501E+03,0.000000E+00,1.088625E-01,0.000000E+00,1.535310E+03,0.000000E+00,4.666696E-02,0.000000E+00,2.321093E+03,0.000000E+00,7.055145E-02,0.000000E+00
04:05:00,3.696024E+03,0.000000E+00,1.123435E-01,0.000000E+00,1.535310E+03,0.000000E+00,4.666696E-02,0.000000E+00,3.581501E+03,0.000000E+00,1.088625E-01,0.000000E+00,1.535310E+03,0.000000E+00,4.666696E-02,0.000000E+00,2.321093E+03,0.000000E+00,7.055145E-02,0.000000E+00
04:10:00,3.696024E+03,0.000000E+00,1.123435E-01,0.000000E+00,1.535310E+03,0.000000E+00,4.666696E-02,0.000000E+00,3.581501E+03,0.000000E+00,1.088625E-01,0.000000E+00,1.535310E+03,0.000000E+00,4.666696E-02,0.000000E+00,2.321093E+03,0.000000E+00,7.055145E-02,0.000000E+00
04:15:00,3.696024E+03,0.000000E+00,1.123435E-01,0.000000E+00,1.535310E+03,0.000000E+00,4.666696E-02,0.000000E+00,3.581501E+03,0.000000E+00,1.088625E-01,0.000000E+00,1.535310E+03,0.000000E+00,4.666696E-02,0.000000E+00,2.321093E+03,0.000000E+00,7.055145E-02,0.000000E+00
04:20:00,3.696024E+03,0.000000E+00,1.123435E-01,0.000000E+00,1.535310E+03,0.000000E+00,4.666696E-02,0.000000E+00,3.581501E+03,0.000000E+00,1.088625E-01,0.000000E+00,1.535310E+03,0.000000E+00,4.666696E-02,0.000000E+00,2.321093E+03,0.000000E+00,7.055145E-02,0.000000E+00
04:25:00,3.696024E+03,0.000000E+00,1.123435E-01,0.000000E+00,1.535310E+03,0.000000E+00,4.666696E-02,0.000000E+00,3.581501E+03,0.000000E+00,1.088625E-01,0.000000E+00,1.535310E+03,0.000000E+00,4.666696E-02,0.000000E+00,2.321093E+03,0.000000E+00,7.055145E-02,0.000000E+00
04:30:00,3.696024E+03,0.000000E+00,1.123435E-01,0.000000E+00,1.535310E+03,0.000000E+00,4.666696E-02,0.000000E+00,3.581501E+03,0.000000E+00,1.088625E-01,0.000000E+00,1.535310E+03,0.000000E+00,4.666696E-02,0.000000E+00,2.321093E+03,0.000000E+00,7.055145E-02,0.000000E+00
04:35:00,3.696024E+03,0.000000E+00,1.123435E-01,0.000000E+00,1.535310E+03,0.000000E+00,4.666696E-02,0.000000E+00,3.581501E+03,0.000000E+00,1.088625E-01,0.000000E+00,1.535310E+03,0.000000E+00,4.666696E-02,0.000000E+00,2.321093E+03,0.000000E+00,7.055145E-02,0.000000E+00
04:40:00,3.696024E+03,0.000000E+00,1.123435E-01,0.000000E+00,1.535310E+03,0.000000E+00,4.666696E-02,0.000000E+00,3.581501E+03,0.000000E+00,1.088625E-01,0.000000E+00,1.535310E+03,0.000000E+00,4.666696E-02,0.000000E+00,2.321093E+03,0.000000E+00,7.055145E-02,0.000000E+00
04:45:00,3.696024E+03,0.000000E+00,1.123435E-01,0.000000E+00,1.535310E+03,0.000000E+00,4.666696E-02,0.000000E+00,3.581501E+03,0.000000E+00,1.088625E-01,0.000000E+00,1.535310E+03,0.000000E+00,4.666696E-02,0.000000E+00,2.321093E+03,0.000000E+00,7.055145E-02,0.000000E+00
04:50:00,3.696024E+03,0.000000E+00,1.123435E-01,0.000000E+00,1.535310E+03,0.000000E+00,4.666696E-02,0.000000E+00,3.581501E+03,0.000000E+00,1.088625E-01,0.000000E+00,1.535310E+03,0.000000E+00,4.666696E-02,0.000000E+00,2.321093E+03,0.000000E+00,7.055145E-02,0.000000E+00
04:55:00,3.696024E+03,0.000000E+00,1.123435E-01,0.000000E+00,1.535310E+03,0.000000E+00,4.666696E-02,0.000000E+00,3.581501E+03,0.000000E+00,1.088625E-01,0.000000E+00,1.535310E+03,0.000000E+00,4.666696E-02,0.000000E+00,2.321093E+03,0.000000E+00,7.055145E-02,0.000000E+00
05:00:00,3.696024E+03,0.000000E+00,1.123435E-01,0.000000E+00,1.535310E+03,0.000000E+00,4.666696E-02,0.000000E+00,3.581501E+03,0.000000E+00,1.088625E-01,0.000000E+00,1.535310E+03,0.000000E+00,4.666696E-02,0.000000E+00,2.321093E+03,0.000000E+00,7.055145E-02,0.000000E+00
05:05:00,3.696024E+03,0.000000E+00,1.123435E-01,0.000000E+00,1.535310E+03,0.000000E+00,4.666696E-02,0.000000E+00,3.581501E+03,0.000000E+00,1.088625E-01,0.000000E+00,1.535310E+03,0.000000E+00,4.666696E-02,0.000000E+00,2.321093E+03,0.000000E+00,7.055145E-02,0.000000E+00
05:10:00,3.696024E+03,0.000000E+00,1.123435E-01,0.000000E+00,1.535310E+03,0.000000E+00,4.666696E-02,0.000000E+00,3.581501E+03,0.000000E+00,1.088625E-01,0.000000E+00,1.535310E+03,0.000000E+00,4.666696E-02,0.000000E+00,2.321093E+03,0.000000E+00,7.055145E-02,0.000000E+00
05:15:00,3.696024E+03,0.000000E+00,1.123435E-01,0.000000E+00,1.535310E+03,0.000000E+00,4.666696E-02,0.000000E+00,3.581501E+03,0.000000E+00,1.088625E-01,0.000000E+00,1.535310E+03,0.000000E+00,4.666696E-02,0.000000E+00,2.321093E+03,0.000000E+00,7.055145E-02,0.000000E+00
05:20:00,3.696024E+03,0.000000E+00,1.123435E-01,0.000000E+00,1.535310E+03,0.000000E+00,4.666696E-02,0.000000E+00,3.581501E+03,0.000000E+00,1.088625E-01,0.000000E+00,1.535310E+03,0.000000E+00,4.666696E-02,0.000000E+00,2.321093E+03,0.000000E+00,7.055145E-02,0.000000E+00
05:25:00,3.696024E+03,0.000000E+00,1.123435E-01,0.000000E+00,1.535310E+03,0.000000E+00,4.666696E-02,0.000000E+00,3.581501E+03,0.000000E+00,1.088625E-01,0.000000E+00,1.535310E+03,0.000000E+00,4.666696E-02,0.000000E+00,2.321093E+03,0.000000E+00,7.055145E-02,0.000000E+00
05:30:00,3.696024E+03,0.000000E+00,1.123435E-01,0.000000E+00,1.535310E+03,0.000000E+00,4.666696E-02,0.000000E+00,3.581501E+03,0.000000E+00,1.088625E-01,0.000000E+00,1.535310E+03,0.000000E+00,4.666696E-02,0.000000E+00,2.321093E+03,0.000000E+00,7.055145E-02,0.000000E+00
05:35:00,3.696024E+03,0.000000E+00,1.123435E-01,0.000000E+00,1.535310E+03,0.000000E+00,4.666696E-02,0.000000E+00,3.581501E+03,0.000000E+00,1.088625E-01,0.000000E+00,1.535310E+03,0.000000E+00,4.666696E-02,0.000000E+00,2.321093E+03,0.000000E+00,7.055145E-02,0.000000E+00
05:40:00,3.696024E+03,0.000000E+00,1.123435E-01,0.000000E+00,1.535310E+03,0.000000E+00,4.666696E-02,0.000000E+00,3.581501E+03,0.000000E+00,1.088625E-01,0.000000E+00,1.535310E+03,0.000000E+00,4.666696E-02,0.000000E+00,2.321093E+03,0.000000E+00,7.055145E-02,0.000000E+00
05:45:00,3.696024E+03,0.000000E+00,1.123435E-01,0.000000E+00,1.535310E+03,0.000000E+00,4.666696E-02,0.000000E+00,3.581501E+03,0.000000E+00,1.088625E-01,0.000000E+00,1.535310E+03,0.000000E+00,4.666696E-02,0.000000E+00,2.321093E+03,0.000000E+00,7.055145E-02,0.000000E+00
05:50:00,3.696024E+03,0.000000E+00,1.123435E-01,0.000000E+00,1.535310E+03,0.000000E+00,4.666696E-02,0.000000E+00,3.581501E+03,2.476337E+00,1.088625E-01,3.089803E-04,1.535310E+03,0.000000E+00,4.666696E-02,0.000000E+00,2.321093E+03,0.000000E+00,7.055145E-02,0.000000E+00
05:55:00,3.696024E+03,0.000000E+00,1.123435E-01,0.000000E+00,1.535310E+03,0.000000E+00,4.666696E-02,0.000000E+00,3.581501E+03,6.331256E+01,1.088625E-01,7.753191E-03,1.535310E+03,0.000000E+00,4.666696E-02,0.000000E+00,2.321093E+03,0.000000E+00,7.055145E-02,0.000000E+00
06:00:00,3.696024E+03,0.000000E+00,1.123435E-01,0.000000E+00,1.535310E+03,7.011051E+00,4.666696E-02,8.823421E-04,3.581501E+03,1.320002E+02,1.088625E-01,1.615786E-02,1.535310E+03,0.000000E+00,4.666696E-02,0.000000E+00,2.321093E+03,0.000000E+00,7.055145E-02,0.000000E+00
06:05:00,3.696024E+03,0.000000E+00,1.123435E-01,0.000000E+00,1.535310E+03,3.882593E+01,4.666696E-02,4.776209E-03,3.581501E+03,2.281132E+02,1.088625E-01,2.791831E-02,1.535310E+03,0.000000E+00,4.666696E-02,0.000000E+00,2.321093E+03,0.000000E+00,7.055145E-02,0.000000E+00
06:10:00,3.696024E+03,0.000000E+00,1.123435E-01,0.000000E+00,1.535310E+03,7.334807E+01,4.666696E-02,9.000401E-03,3.581501E+03,3.457761E+02,1.088625E-01,4.231562E-02,1.535310E+03,0.000000E+00,4.666696E-02,0.000000E+00,2.321093E+03,0.000000E+00,7.055145E-02,0.000000E+00
06:15:00,3.696024E+03,0.000000E+00,1.123435E-01,0.000000E+00,1.535310E+03,1.199005E+02,4.666696E-02,1.469658E-02,3.581501E+03,4.812634E+02,1.088625E-01,5.889393E-02,1.535310E+03,0.000000E+00,4.666696E-02,0.000000E+00,2.321093E+03,0.000000E+00,7.055145E-02,0.000000E+00
06:20:00,3.696024E+03,0.000000E+00,1.123435E-01,0.000000E+00,1.535310E+03,1.758896E+02,4.666696E-02,2.154745E-02,3.581501E+03,6.332434E+02,1.088625E-01,7.749029E-02,1.535310E+03,0.000000E+00,4.666696E-02,0.000000E+00,2.321093E+03,0.000000E+00,7.055145E-02,0.000000E+00
06:25:00,3.696024E+03,0.000000E+00,1.123435E-01,0.000000E+00,1.535310E+03,2.410440E+02,4.666696E-02,2.951978E-02,3.581501E+03,8.004612E+02,1.088625E-01,9.795117E-02,1.535310E+03,0.000000E+00,4.666696E-02,0.000000E+00,2.321093E+03,0.000000E+00,7.055145E-02,0.000000E+00
06:30:00,3.696024E+03,0.000000E+00,1.123435E-01,0.000000E+00,1.535310E+03,3.151266E+02,4.666696E-02,3.858457E-02,3.581501E+03,9.817185E+02,1.088625E-01,1.201299E-01,1.535310E+03,0.000000E+00,4.666696E-02,0.000000E+00,2.321093E+03,0.000000E+00,7.055145E-02,0.000000E+00
06:35:00,3.696024E+03,0.000000E+00,1.123435E-01,0.000000E+00,1.535310E+03,3.979109E+02,4.666696E-02,4.871411E-02,3.581501E+03,1.175864E+03,1.088625E-01,1.438857E-01,1.535310E+03,0.000000E+00,4.666696E-02,0.000000E+00,2.321093E+03,0.000000E+00,7.055145E-02,0.000000E+00
06:40:00,3.696024E+03,0.000000E+00,1.123435E-01,0.000000E+00,1.535310E+03,4.891220E+02,4.666696E-02,5.987476E-02,3.581501E+03,1.381663E+03,1.088625E-01,1.690673E-01,1.535310E+03,0.000000E+00,4.666696E-02,0.000000E+00,2.321093E+03,0.000000E+00,7.055145E-02,0.000000E+00
06:45:00,3.696024E+03,0.000000E+00,1.123435E-01,0.000000E+00,1.535310E+03,5.885919E+02,4.666696E-02,7.204595E-02,3.581501E+03,1.598164E+03,1.088625E-01,1.955585E-01,1.535310E+03,0.000000E+00,4.666696E-02,0.000000E+00,2.321093E+03,0.000000E+00,7.055145E-02,0.000000E+00
06:50:00,3.696024E+03,0.000000E+00,1.123435E-01,0.000000E+00,1.535310E+03,6.961074E+02,4.666696E-02,8.520161E-02,3.581501E+03,1.821864E+03,1.088625E-01,2.229246E-01,1.535310E+03,0.000000E+00,4.666696E-02,0.000000E+00,2.321093E+03,0.000000E+00,7.055145E-02,0.000000E+00
06:55:00,3.696024E+03,0.000000E+00,1.123435E-01,0.000000E+00,1.535310E+03,8.114518E+02,4.666696E-02,9.931523E-02,3.581501E+03,1.995878E+03,1.088625E-01,2.442168E-01,1.535310E+03,0.000000E+00,4.666696E-02,0.000000E+00,2.321093E+03,0.000000E+00,7.055145E-02,0.000000E+00
07:00:00,3.696024E+03,0.000000E+00,1.123435E-01,0.000000E+00,1.535310E+03,9.273957E+02,4.666696E-02,1.134777E-01,3.581501E+03,2.169719E+03,1.088625E-01,2.654882E-01,1.535310E+03,0.000000E+00,4.666696E-02,0.000000E+00,2.321093E+03,0.000000E+00,7.055145E-02,0.000000E+00
07:05:00,3.696024E+03,0.000000E+00,1.123435E-01,0.000000E+00,1.535310E+03,1.026022E+03,4.666696E-02,1.255447E-01,3.581501E+03,2.323184E+03,1.088625E-01,2.842662E-01,1.535310E+03,0.000000E+00,4.666696E-02,0.000000E+00,2.321093E+03,0.000000E+00,7.055145E-02,0.000000E+00
07:10:00,3.696024E+03,0.000000E+00,1.123435E-01,0.000000E+00,1.535310E+03,1.129216E+03,4.666696E-02,1.381715E-01,3.581501E+03,2.461241E+03,1.088625E-01,3.011590E-01,1.535310E+03,0.000000E+00,4.666696E-02,0.000000E+00,2.321093E+03,0.000000E+00,7.055145E-02,0.000000E+00
07:15:00,3.696024E+03,0.000000E+00,1.123435E-01,0.000000E+00,1.535310E+03,1.227433E+03,4.666696E-02,1.501895E-01,3.581501E+03,2.586745E+03,1.088625E-01,3.165157E-01,1.535310E+03,0.000000E+00,4.666696E-02,0.000000E+00,2.321093E+03,0.000000E+00,7.055145E-02,0.000000E+00
07:20:00,3.696024E+03,0.000000E+00,1.123435E-01,0.000000E+00,1.535310E+03,1.323047E+03,4.666696E-02,1.618888E-01,3.581501E+03,2.700180E+03,1.088625E-01,3.303957E-01,1.535310E+03,0.000000E+00,4.666696E-02,0.000000E+00,2.321093E+03,0.000000E+00,7.055145E-02,0.000000E+00
07:25:00,3.696024E+03,0.000000E+00,1.123435E-01,0.000000E+00,1.535310E+03,1.416101E+03,4.666696E-02,1.732750E-01,3.581501E+03,2.801982E+03,1.088625E-01,3.428523E-01,1.535310E+03,0.000000E+00,4.666696E-02,0.000000E+00,2.321093E+03,0.000000E+00,7.055145E-02,0.000000E+00
07:30:00,3.696024E+03,0.000000E+00,1.123435E-01,0.000000E+00,1.535310E+03,1.508428E+03,4.666696E-02,1.845722E-01,3.581501E+03,2.896223E+03,1.088625E-01,3.543836E-01,1.535310E+03,0.000000E+00,4.666696E-02,0.000000E+00,2.321093E+03,0.000000E+00,7.055145E-02,0.000000E+00
07:35:00,3.696024E+03,0.000000E+00,1.123435E-01,0.000000E+00,1.535310E+03,1.598625E+03,4.666696E-02,1.956087E-01,3.581501E+03,2.980322E+03,1.088625E-01,3.646741E-01,1.535310E+03,0.000000E+00,4.666696E-02,0.000000E+00,2.321093E+03,0.000000E+00,7.055145E-02,0.000000E+00
07:40:00,3.696024E+03,0.000000E+00,1.123435E-01,0.000000E+00,1.535310E+03,1.686609E+03,4.666696E-02,2.063745E-01,3.581501E+03,3.054479E+03,1.088625E-01,3.737479E-01,1.535310E+03,8.177546E+00,4.666696E-02,1.001212E-03,2.321093E+03,0.000000E+00,7.055145E-02,0.000000E+00
07:45:00,3.696024E+03,0.000000E+00,1.123435E-01,0.000000E+00,1.535310E+03,1.772278E+03,4.666696E-02,2.168571E-01,3.581501E+03,3.118871E+03,1.088625E-01,3.816270E-01,1.535310E+03,1.465316E+01,4.666696E-02,1.793578E-03,2.321093E+03,0.000000E+00,7.055145E-02,0.000000E+00
07:50:00,3.696024E+03,6.243857E-01,1.123435E-01,7.728700E-05,1.535310E+03,1.855582E+03,4.666696E-02,2.270502E-01,3.581501E+03,3.173782E+03,1.088625E-01,3.883459E-01,1.535310E+03,2.398947E+01,4.666696E-02,2.935974E-03,2.321093E+03,0.000000E+00,7.055145E-02,0.000000E+00
07:55:00,3.696024E+03,1.773224E+01,1.123435E-01,2.170625E-03,1.535310E+03,1.936478E+03,4.666696E-02,2.369486E-01,3.581501E+03,3.219503E+03,1.088625E-01,3.939403E-01,1.535310E+03,3.526678E+01,4.666696E-02,4.315874E-03,2.321093E+03,0.000000E+00,7.055145E-02,0.000000E+00
08:00:00,3.696024E+03,3.117954E+01,1.123435E-01,3.816044E-03,1.535310E+03,2.014925E+03,4.666696E-02,2.465475E-01,3.581501E+03,3.256354E+03,1.088625E-01,3.984495E-01,1.535310E+03,4.833556E+01,4.666696E-02,5.914977E-03,2.321093E+03,0.000000E+00,7.055145E-02,0.000000E+00
08:05:00,3.696024E+03,1.432952E+02,1.123435E-01,1.753458E-02,1.535310E+03,2.135516E+03,4.666696E-02,2.613030E-01,3.581501E+03,3.387093E+03,1.088625E-01,4.144468E-01,1.535310E+03,1.036435E+02,4.666696E-02,1.268249E-02,2.321093E+03,1.228793E+01,7.055145E-02,1.589058E-03
08:10:00,3.696024E+03,2.776565E+02,1.123435E-01,3.397519E-02,1.535310E+03,2.257068E+03,4.666696E-02,2.761767E-01,3.581501E+03,3.517223E+03,1.088625E-01,4.303701E-01,1.535310E+03,1.693296E+02,4.666696E-02,2.071993E-02,2.321093E+03,1.969941E+02,7.055145E-02,2.419650E-02
08:15:00,3.696024E+03,4.214763E+02,1.123435E-01,5.157343E-02,1.535310E+03,2.378465E+03,4.666696E-02,2.910328E-01,3.581501E+03,3.644521E+03,1.088625E-01,4.459485E-01,1.535310E+03,2.391984E+02,4.666696E-02,2.926930E-02,2.321093E+03,3.799208E+02,7.055145E-02,4.658039E-02
08:20:00,3.696024E+03,5.742242E+02,1.123435E-01,7.026448E-02,1.535310E+03,2.499397E+03,4.666696E-02,3.058334E-01,3.581501E+03,3.768710E+03,1.088625E-01,4.611479E-01,1.535310E+03,3.130197E+02,4.666696E-02,3.830252E-02,2.321093E+03,5.535545E+02,7.055145E-02,6.782698E-02
08:25:00,3.696024E+03,7.351834E+02,1.123435E-01,8.996082E-02,1.535310E+03,2.619563E+03,4.666696E-02,3.205415E-01,3.581501E+03,3.889550E+03,1.088625E-01,4.759393E-01,1.535310E+03,3.904754E+02,4.666696E-02,4.778073E-02,2.321093E+03,7.474154E+02,7.055145E-02,9.154903E-02
08:30:00,3.696024E+03,9.037369E+02,1.123435E-01,1.105870E-01,1.535310E+03,2.736890E+03,4.666696E-02,3.349029E-01,3.581501E+03,4.003255E+03,1.088625E-01,4.898584E-01,1.535310E+03,4.712891E+02,4.666696E-02,5.767008E-02,2.321093E+03,9.499003E+02,7.055145E-02,1.163269E-01
08:35:00,3.696024E+03,1.079327E+03,1.123435E-01,1.320747E-01,1.535310E+03,2.852541E+03,4.666696E-02,3.490594E-01,3.581501E+03,4.112711E+03,1.088625E-01,5.032581E-01,1.535310E+03,5.552078E+02,4.666696E-02,6.793963E-02,2.321093E+03,1.159926E+03,7.055145E-02,1.420280E-01
08:40:00,3.696024E+03,1.261456E+03,1.123435E-01,1.543628E-01,1.535310E+03,2.966419E+03,4.666696E-02,3.629990E-01,3.581501E+03,4.218187E+03,1.088625E-01,5.161710E-01,1.535310E+03,6.338253E+02,4.666696E-02,7.756008E-02,2.321093E+03,1.376581E+03,7.055145E-02,1.685408E-01
08:45:00,3.696024E+03,1.449675E+03,1.123435E-01,1.773965E-01,1.535310E+03,3.078363E+03,4.666696E-02,3.767021E-01,3.581501E+03,4.319789E+03,1.088625E-01,5.286097E-01,1.535310E+03,7.168139E+02,4.666696E-02,8.771615E-02,2.321093E+03,1.599109E+03,7.055145E-02,1.957726E-01
08:50:00,3.696024E+03,1.642964E+03,1.123435E-01,2.010499E-01,1.535310E+03,3.188221E+03,4.666696E-02,3.901500E-01,3.581501E+03,4.417680E+03,1.088625E-01,5.405944E-01,1.535310E+03,7.994249E+02,4.666696E-02,9.782614E-02,2.321093E+03,1.826869E+03,7.055145E-02,2.236450E-01
08:55:00,3.696024E+03,1.825108E+03,1.123435E-01,2.233408E-01,1.535310E+03,3.295854E+03,4.666696E-02,4.033257E-01,3.581501E+03,4.512076E+03,1.088625E-01,5.521513E-01,1.535310E+03,8.824108E+02,4.666696E-02,1.079821E-01,2.321093E+03,2.059314E+03,7.055145E-02,2.520910E-01
09:00:00,3.696024E+03,2.015939E+03,1.123435E-01,2.466948E-01,1.535310E+03,3.401138E+03,4.666696E-02,4.162140E-01,3.581501E+03,4.603242E+03,1.088625E-01,5.633129E-01,1.535310E+03,9.657716E+02,4.666696E-02,1.181840E-01,2.321093E+03,2.295974E+03,7.055145E-02,2.810529E-01
09:05:00,3.696024E+03,2.149038E+03,1.123435E-01,2.629855E-01,1.535310E+03,3.474716E+03,4.666696E-02,4.252230E-01,3.581501E+03,4.624852E+03,1.088625E-01,5.659642E-01,1.535310E+03,1.024430E+03,4.666696E-02,1.253637E-01,2.321093E+03,2.594346E+03,7.055145E-02,3.174820E-01
09:10:00,3.696024E+03,2.265492E+03,1.123435E-01,2.772403E-01,1.535310E+03,3.542671E+03,4.666696E-02,4.335439E-01,3.581501E+03,4.637090E+03,1.088625E-01,5.674686E-01,1.535310E+03,1.075128E+03,4.666696E-02,1.315697E-01,2.321093E+03,2.725238E+03,7.055145E-02,3.334988E-01
09:15:00,3.696024E+03,2.377559E+03,1.123435E-01,2.909582E-01,1.535310E+03,3.605844E+03,4.666696E-02,4.412781E-01,3.581501E+03,4.642535E+03,1.088625E-01,5.681400E-01,1.535310E+03,1.123826E+03,4.666696E-02,1.375308E-01,2.321093E+03,2.862369E+03,7.055145E-02,3.502849E-01
09:20:00,3.696024E+03,2.485428E+03,1.123435E-01,3.041620E-01,1.535310E+03,3.664361E+03,4.666696E-02,4.484412E-01,3.581501E+03,4.642071E+03,1.088625E-01,5.680869E-01,1.535310E+03,1.170597E+03,4.666696E-02,1.432559E-01,2.321093E+03,3.012720E+03,7.055145E-02,3.686888E-01
09:25:00,3.696024E+03,2.589546E+03,1.123435E-01,3.169061E-01,1.535310E+03,3.718391E+03,4.666696E-02,4.550540E-01,3.581501E+03,4.636648E+03,1.088625E-01,5.674249E-01,1.535310E+03,1.215628E+03,4.666696E-02,1.487678E-01,2.321093E+03,3.146392E+03,7.055145E-02,3.850514E-01
09:30:00,3.696024E+03,2.690286E+03,1.123435E-01,3.292362E-01,1.535310E+03,3.768058E+03,4.666696E-02,4.611322E-01,3.581501E+03,4.627145E+03,1.088625E-01,5.662626E-01,1.535310E+03,1.259082E+03,4.666696E-02,1.540863E-01,2.321093E+03,3.274662E+03,7.055145E-02,4.007520E-01
09:35:00,3.696024E+03,2.787989E+03,1.123435E-01,3.411942E-01,1.535310E+03,3.813486E+03,4.666696E-02,4.666915E-01,3.581501E+03,4.614446E+03,1.088625E-01,5.647088E-01,1.535310E+03,1.301107E+03,4.666696E-02,1.592299E-01,2.321093E+03,3.398329E+03,7.055145E-02,4.158889E-01
09:40:00,3.696024E+03,2.882943E+03,1.123435E-01,3.528155E-01,1.535310E+03,3.854788E+03,4.666696E-02,4.717459E-01,3.581501E+03,4.599431E+03,1.088625E-01,5.628713E-01,1.535310E+03,1.341834E+03,4.666696E-02,1.642143E-01,2.321093E+03,3.518006E+03,7.055145E-02,4.305370E-01
09:45:00,3.696024E+03,2.975435E+03,1.123435E-01,3.641352E-01,1.535310E+03,3.892079E+03,4.666696E-02,4.763093E-01,3.581501E+03,4.582944E+03,1.088625E-01,5.608536E-01,1.535310E+03,1.381390E+03,4.666696E-02,1.690553E-01,2.321093E+03,3.634288E+03,7.055145E-02,4.447691E-01
09:50:00,3.696024E+03,3.065710E+03,1.123435E-01,3.751833E-01,1.535310E+03,3.925458E+03,4.666696E-02,4.803942E-01,3.581501E+03,4.565803E+03,1.088625E-01,5.587559E-01,1.535310E+03,1.419889E+03,4.666696E-02,1.737669E-01,2.321093E+03,3.747636E+03,7.055145E-02,4.586420E-01
09:55:00,3.696024E+03,3.153979E+03,1.123435E-01,3.859858E-01,1.535310E+03,3.955018E+03,4.666696E-02,4.840115E-01,3.581501E+03,4.548793E+03,1.088625E-01,5.566742E-01,1.535310E+03,1.457430E+03,4.666696E-02,1.783612E-01,2.321093E+03,3.858441E+03,7.055145E-02,4.722033E-01
10:00:00,3.696024E+03,3.240429E+03,1.123435E-01,3.965655E-01,1.535310E+03,3.980842E+03,4.666696E-02,4.871717E-01,3.581501E+03,4.532656E+03,1.088625E-01,5.546993E-01,1.535310E+03,1.494104E+03,4.666696E-02,1.828493E-01,2.321093E+03,3.967038E+03,7.055145E-02,4.854942E-01
10:05:00,3.696024E+03,3.290536E+03,1.123435E-01,4.026974E-01,1.535310E+03,3.988147E+03,4.666696E-02,4.880655E-01,3.581501E+03,4.483484E+03,1.088625E-01,5.486818E-01,1.535310E+03,1.515100E+03,4.666696E-02,1.854188E-01,2.321093E+03,4.007204E+03,7.055145E-02,4.904103E-01
10:10:00,3.696024E+03,3.338312E+03,1.123435E-01,4.085433E-01,1.535310E+03,3.991469E+03,4.666696E-02,4.884718E-01,3.581501E+03,4.435667E+03,1.088625E-01,5.428295E-01,1.535310E+03,1.535000E+03,4.666696E-02,1.878537E-01,2.321093E+03,4.044645E+03,7.055145E-02,4.949912E-01
10:15:00,3.696024E+03,3.384176E+03,1.123435E-01,4.141553E-01,1.535310E+03,3.989807E+03,4.666696E-02,4.882680E-01,3.581501E+03,4.391282E+03,1.088625E-01,5.373973E-01,1.535310E+03,1.554631E+03,4.666696E-02,1.902558E-01,2.321093E+03,4.079680E+03,7.055145E-02,4.992776E-01
10:20:00,3.696024E+03,3.428193E+03,1.123435E-01,4.195413E-01,1.535310E+03,3.984238E+03,4.666696E-02,4.875862E-01,3.581501E+03,4.350022E+03,1.088625E-01,5.323478E-01,1.535310E+03,1.573520E+03,4.666696E-02,1.925671E-01,2.321093E+03,4.112711E+03,7.055145E-02,5.033189E-01
10:25:00,3.696024E+03,3.470523E+03,1.123435E-01,4.247211E-01,1.535310E+03,3.974939E+03,4.666696E-02,4.864481E-01,3.581501E+03,4.312344E+03,1.088625E-01,5.277367E-01,1.535310E+03,1.591707E+03,4.666696E-02,1.947926E-01,2.321093E+03,4.144014E+03,7.055145E-02,5.071488E-01
10:30:00,3.696024E+03,3.511499E+03,1.123435E-01,4.297353E-01,1.535310E+03,3.962030E+03,4.666696E-02,4.848682E-01,3.581501E+03,4.278687E+03,1.088625E-01,5.236179E-01,1.535310E+03,1.609335E+03,4.666696E-02,1.969497E-01,2.321093E+03,4.173904E+03,7.055145E-02,5.108061E-01
10:35:00,3.696024E+03,3.550937E+03,1.123435E-01,4.345614E-01,1.535310E+03,3.945610E+03,4.666696E-02,4.828586E-01,3.581501E+03,4.249950E+03,1.088625E-01,5.201012E-01,1.535310E+03,1.626303E+03,4.666696E-02,1.990262E-01,2.321093E+03,4.202474E+03,7.055145E-02,5.143019E-01
10:40:00,3.696024E+03,3.589364E+03,1.123435E-01,4.392637E-01,1.535310E+03,3.925792E+03,4.666696E-02,4.804331E-01,3.581501E+03,4.226227E+03,1.088625E-01,5.171982E-01,1.535310E+03,1.642816E+03,4.666696E-02,2.010470E-01,2.321093E+03,4.230167E+03,7.055145E-02,5.176905E-01
10:45:00,3.696024E+03,3.626540E+03,1.123435E-01,4.438131E-01,1.535310E+03,3.902656E+03,4.666696E-02,4.776017E-01,3.581501E+03,4.207387E+03,1.088625E-01,5.148927E-01,1.535310E+03,1.658780E+03,4.666696E-02,2.030005E-01,2.321093E+03,4.256950E+03,7.055145E-02,5.209678E-01
10:50:00,3.696024E+03,3.662880E+03,1.123435E-01,4.482602E-01,1.535310E+03,3.876290E+03,4.666696E-02,4.743750E-01,3.581501E+03,4.193263E+03,1.088625E-01,5.131645E-01,1.535310E+03,1.674353E+03,4.666696E-02,2.049062E-01,2.321093E+03,4.283068E+03,7.055145E-02,5.241638E-01
10:55:00,3.696024E+03,3.698164E+03,1.123435E-01,4.525780E-01,1.535310E+03,3.846782E+03,4.666696E-02,4.707637E-01,3.581501E+03,4.183583E+03,1.088625E-01,5.119800E-01,1.535310E+03,1.689456E+03,4.666696E-02,2.067545E-01,2.321093E+03,4.308525E+03,7.055145E-02,5.272790E-01
11:00:00,3.696024E+03,3.732749E+03,1.123435E-01,4.568104E-01,1.535310E+03,3.814219E+03,4.666696E-02,4.667785E-01,3.581501E+03,4.178063E+03,1.088625E-01,5.113047E-01,1.535310E+03,1.704227E+03,4.666696E-02,2.085621E-01,2.321093E+03,4.333535E+03,7.055145E-02,5.303395E-01
11:05:00,3.696024E+03,3.753222E+03,1.123435E-01,4.593158E-01,1.535310E+03,3.772885E+03,4.666696E-02,4.617200E-01,3.581501E+03,4.163162E+03,1.088625E-01,5.094813E-01,1.535310E+03,1.712817E+03,4.666696E-02,2.096133E-01,2.321093E+03,4.332183E+03,7.055145E-02,5.301739E-01
11:10:00,3.696024E+03,3.772030E+03,1.123435E-01,4.616172E-01,1.535310E+03,3.728222E+03,4.666696E-02,4.562541E-01,3.581501E+03,4.150668E+03,1.088625E-01,5.079523E-01,1.535310E+03,1.720627E+03,4.666696E-02,2.105689E-01,2.321093E+03,4.329296E+03,7.055145E-02,5.298199E-01
11:15:00,3.696024E+03,3.789332E+03,1.123435E-01,4.637341E-01,1.535310E+03,3.681645E+03,4.666696E-02,4.505536E-01,3.581501E+03,4.139407E+03,1.088625E-01,5.065740E-01,1.535310E+03,1.727118E+03,4.666696E-02,2.113631E-01,2.321093E+03,4.325199E+03,7.055145E-02,5.293179E-01
11:20:00,3.696024E+03,3.805395E+03,1.123435E-01,4.656991E-01,1.535310E+03,3.632345E+03,4.666696E-02,4.445196E-01,3.581501E+03,4.129684E+03,1.088625E-01,5.053836E-01,1.535310E+03,1.732925E+03,4.666696E-02,2.120734E-01,2.321093E+03,4.320098E+03,7.055145E-02,5.286927E-01
11:25:00,3.696024E+03,3.820313E+03,1.123435E-01,4.675238E-01,1.535310E+03,3.580379E+03,4.666696E-02,4.381591E-01,3.581501E+03,4.121498E+03,1.088625E-01,5.043809E-01,1.535310E+03,1.738137E+03,4.666696E-02,2.127107E-01,2.321093E+03,4.314149E+03,7.055145E-02,5.279636E-01
11:30:00,3.696024E+03,3.833970E+03,1.123435E-01,4.691940E-01,1.535310E+03,3.525871E+03,4.666696E-02,4.314875E-01,3.581501E+03,4.114241E+03,1.088625E-01,5.034918E-01,1.535310E+03,1.742718E+03,4.666696E-02,2.132709E-01,2.321093E+03,4.307387E+03,7.055145E-02,5.271349E-01
11:35:00,3.696024E+03,3.846737E+03,1.123435E-01,4.707552E-01,1.535310E+03,3.468974E+03,4.666696E-02,4.245235E-01,3.581501E+03,4.107249E+03,1.088625E-01,5.026351E-01,1.535310E+03,1.746872E+03,4.666696E-02,2.137787E-01,2.321093E+03,4.300031E+03,7.055145E-02,5.262334E-01
11:40:00,3.696024E+03,3.858268E+03,1.123435E-01,4.721652E-01,1.535310E+03,3.409845E+03,4.666696E-02,4.172864E-01,3.581501E+03,4.100268E+03,1.088625E-01,5.017796E-01,1.535310E+03,1.750491E+03,4.666696E-02,2.142210E-01,2.321093E+03,4.291956E+03,7.055145E-02,5.252439E-01
11:45:00,3.696024E+03,3.868929E+03,1.123435E-01,4.734686E-01,1.535310E+03,3.348678E+03,4.666696E-02,4.097999E-01,3.581501E+03,4.093281E+03,1.088625E-01,5.009235E-01,1.535310E+03,1.753743E+03,4.666696E-02,2.146184E-01,2.321093E+03,4.283371E+03,7.055145E-02,5.241920E-01
11:50:00,3.696024E+03,3.878420E+03,1.123435E-01,4.746289E-01,1.535310E+03,3.285677E+03,4.666696E-02,4.020890E-01,3.581501E+03,4.086257E+03,1.088625E-01,5.000627E-01,1.535310E+03,1.756538E+03,4.666696E-02,2.149599E-01,2.321093E+03,4.274218E+03,7.055145E-02,5.230705E-01
11:55:00,3.696024E+03,3.887064E+03,1.123435E-01,4.756855E-01,1.535310E+03,3.221066E+03,4.666696E-02,3.941811E-01,3.581501E+03,4.079211E+03,1.088625E-01,4.991992E-01,1.535310E+03,1.759019E+03,4.666696E-02,2.152630E-01,2.321093E+03,4.264653E+03,7.055145E-02,5.218985E-01
12:00:00,3.696024E+03,3.894589E+03,1.123435E-01,4.766051E-01,1.535310E+03,3.155090E+03,4.666696E-02,3.861061E-01,3.581501E+03,4.072123E+03,1.088625E-01,4.983305E-01,1.535310E+03,1.761104E+03,4.666696E-02,2.155176E-01,2.321093E+03,4.254598E+03,7.055145E-02,5.206666E-01
12:05:00,3.696024E+03,3.888195E+03,1.123435E-01,4.758214E-01,1.535310E+03,3.082246E+03,4.666696E-02,3.771908E-01,3.581501E+03,4.051936E+03,1.088625E-01,4.958590E-01,1.535310E+03,1.757087E+03,4.666696E-02,2.150254E-01,2.321093E+03,4.218313E+03,7.055145E-02,5.162248E-01
12:10:00,3.696024E+03,3.879876E+03,1.123435E-01,4.748021E-01,1.535310E+03,3.008184E+03,4.666696E-02,3.681263E-01,3.581501E+03,4.030829E+03,1.088625E-01,4.932747E-01,1.535310E+03,1.752354E+03,4.666696E-02,2.144457E-01,2.321093E+03,4.180262E+03,7.055145E-02,5.115667E-01
12:15:00,3.696024E+03,3.870051E+03,1.123435E-01,4.735982E-01,1.535310E+03,2.933330E+03,4.666696E-02,3.589649E-01,3.581501E+03,4.008937E+03,1.088625E-01,4.905941E-01,1.535310E+03,1.747063E+03,4.666696E-02,2.137974E-01,2.321093E+03,4.140859E+03,7.055145E-02,5.067430E-01
12:20:00,3.696024E+03,3.858866E+03,1.123435E-01,4.722277E-01,1.535310E+03,2.858049E+03,4.666696E-02,3.497512E-01,3.581501E+03,3.986689E+03,1.088625E-01,4.878697E-01,1.535310E+03,1.741277E+03,4.666696E-02,2.130886E-01,2.321093E+03,4.100306E+03,7.055145E-02,5.017784E-01
12:25:00,3.696024E+03,3.846425E+03,1.123435E-01,4.707032E-01,1.535310E+03,2.782697E+03,4.666696E-02,3.405287E-01,3.581501E+03,3.963876E+03,1.088625E-01,4.850760E-01,1.535310E+03,1.735044E+03,4.666696E-02,2.123249E-01,2.321093E+03,4.058725E+03,7.055145E-02,4.966880E-01
12:30:00,3.696024E+03,3.832840E+03,1.123435E-01,4.690387E-01,1.535310E+03,2.707667E+03,4.666696E-02,3.313456E-01,3.581501E+03,3.940818E+03,1.088625E-01,4.822522E-01,1.535310E+03,1.728408E+03,4.666696E-02,2.115119E-01,2.321093E+03,4.016237E+03,7.055145E-02,4.914863E-01
12:35:00,3.696024E+03,3.818239E+03,1.123435E-01,4.672497E-01,1.535310E+03,2.633392E+03,4.666696E-02,3.222549E-01,3.581501E+03,3.917345E+03,1.088625E-01,4.793775E-01,1.535310E+03,1.721408E+03,4.666696E-02,2.106543E-01,2.321093E+03,3.972932E+03,7.055145E-02,4.861846E-01
12:40:00,3.696024E+03,3.802753E+03,1.123435E-01,4.653524E-01,1.535310E+03,2.560212E+03,4.666696E-02,3.132982E-01,3.581501E+03,3.893600E+03,1.088625E-01,4.764694E-01,1.535310E+03,1.714078E+03,4.666696E-02,2.097563E-01,2.321093E+03,3.928891E+03,7.055145E-02,4.807928E-01
12:45:00,3.696024E+03,3.786549E+03,1.123435E-01,4.633673E-01,1.535310E+03,2.488510E+03,4.666696E-02,3.045225E-01,3.581501E+03,3.869633E+03,1.088625E-01,4.735342E-01,1.535310E+03,1.706450E+03,4.666696E-02,2.088217E-01,2.321093E+03,3.884184E+03,7.055145E-02,4.753195E-01
12:50:00,3.696024E+03,3.769739E+03,1.123435E-01,4.613079E-01,1.535310E+03,2.418682E+03,4.666696E-02,2.959761E-01,3.581501E+03,3.845479E+03,1.088625E-01,4.705762E-01,1.535310E+03,1.698548E+03,4.666696E-02,2.078537E-01,2.321093E+03,3.838875E+03,7.055145E-02,4.697725E-01
12:55:00,3.696024E+03,3.752406E+03,1.123435E-01,4.591844E-01,1.535310E+03,2.351086E+03,4.666696E-02,2.877029E-01,3.581501E+03,3.821168E+03,1.088625E-01,4.675988E-01,1.535310E+03,1.690398E+03,4.666696E-02,2.068553E-01,2.321093E+03,3.793024E+03,7.055145E-02,4.641591E-01
13:00:00,3.696024E+03,3.734622E+03,1.123435E-01,4.570058E-01,1.535310E+03,2.286065E+03,4.666696E-02,2.797448E-01,3.581501E+03,3.796723E+03,1.088625E-01,4.646050E-01,1.535310E+03,1.682019E+03,4.666696E-02,2.058289E-01,2.321093E+03,3.746683E+03,7.055145E-02,4.584856E-01
13:05:00,3.696024E+03,3.764352E+03,1.123435E-01,4.606416E-01,1.535310E+03,2.245192E+03,4.666696E-02,2.747417E-01,3.581501E+03,3.819967E+03,1.088625E-01,4.674471E-01,1.535310E+03,1.694731E+03,4.666696E-02,2.073833E-01,2.321093E+03,3.792617E+03,7.055145E-02,4.641043E-01
13:10:00,3.696024E+03,3.796481E+03,1.123435E-01,4.645713E-01,1.535310E+03,2.208727E+03,4.666696E-02,2.702783E-01,3.581501E+03,3.845845E+03,1.088625E-01,4.706119E-01,1.535310E+03,1.708496E+03,4.666696E-02,2.090669E-01,2.321093E+03,3.841870E+03,7.055145E-02,4.701298E-01
13:15:00,3.696024E+03,3.830162E+03,1.123435E-01,4.686919E-01,1.535310E+03,2.176703E+03,4.666696E-02,2.663590E-01,3.581501E+03,3.873476E+03,1.088625E-01,4.739920E-01,1.535310E+03,1.723217E+03,4.666696E-02,2.108679E-01,2.321093E+03,3.893527E+03,7.055145E-02,4.764502E-01
13:20:00,3.696024E+03,3.865139E+03,1.123435E-01,4.729722E-01,1.535310E+03,2.149191E+03,4.666696E-02,2.629926E-01,3.581501E+03,3.902570E+03,1.088625E-01,4.775525E-01,1.535310E+03,1.739223E+03,4.666696E-02,2.128267E-01,2.321093E+03,3.947133E+03,7.055145E-02,4.830099E-01
13:25:00,3.696024E+03,3.901236E+03,1.123435E-01,4.773905E-01,1.535310E+03,2.126070E+03,4.666696E-02,2.601641E-01,3.581501E+03,3.932927E+03,1.088625E-01,4.812685E-01,1.535310E+03,1.756799E+03,4.666696E-02,2.149781E-01,2.321093E+03,4.002404E+03,7.055145E-02,4.897741E-01
13:30:00,3.696024E+03,3.938295E+03,1.123435E-01,4.819271E-01,1.535310E+03,2.107148E+03,4.666696E-02,2.578498E-01,3.581501E+03,3.964375E+03,1.088625E-01,4.851185E-01,1.535310E+03,1.776224E+03,4.666696E-02,2.173559E-01,2.321093E+03,4.059113E+03,7.055145E-02,4.967149E-01
13:35:00,3.696024E+03,3.976143E+03,1.123435E-01,4.865606E-01,1.535310E+03,2.092118E+03,4.666696E-02,2.560118E-01,3.581501E+03,3.996755E+03,1.088625E-01,4.890829E-01,1.535310E+03,1.797814E+03,4.666696E-02,2.199989E-01,2.321093E+03,4.117072E+03,7.055145E-02,5.038091E-01
13:40:00,3.696024E+03,4.014613E+03,1.123435E-01,4.912705E-01,1.535310E+03,2.080763E+03,4.666696E-02,2.546236E-01,3.581501E+03,4.029925E+03,1.088625E-01,4.931443E-01,1.535310E+03,1.821904E+03,4.666696E-02,2.229480E-01,2.321093E+03,4.176126E+03,7.055145E-02,5.110375E-01
13:45:00,3.696024E+03,4.053577E+03,1.123435E-01,4.960409E-01,1.535310E+03,2.072806E+03,4.666696E-02,2.536512E-01,3.581501E+03,4.063759E+03,1.088625E-01,4.972869E-01,1.535310E+03,1.848847E+03,4.666696E-02,2.262461E-01,2.321093E+03,4.236144E+03,7.055145E-02,5.183841E-01
13:50:00,3.696024E+03,4.093108E+03,1.123435E-01,5.008806E-01,1.535310E+03,2.067889E+03,4.666696E-02,2.530507E-01,3.581501E+03,4.098141E+03,1.088625E-01,5.014966E-01,1.535310E+03,1.879000E+03,4.666696E-02,2.299372E-01,2.321093E+03,4.297012E+03,7.055145E-02,5.258349E-01
13:55:00,3.696024E+03,4.133216E+03,1.123435E-01,5.057910E-01,1.535310E+03,2.065691E+03,4.666696E-02,2.527831E-01,3.581501E+03,4.132944E+03,1.088625E-01,5.057579E-01,1.535310E+03,1.912721E+03,4.666696E-02,2.340649E-01,2.321093E+03,4.358636E+03,7.055145E-02,5.333783E-01
14:00:00,3.696024E+03,4.173894E+03,1.123435E-01,5.107713E-01,1.535310E+03,2.065889E+03,4.666696E-02,2.528085E-01,3.581501E+03,4.168122E+03,1.088625E-01,5.100650E-01,1.535310E+03,1.950362E+03,4.666696E-02,2.386724E-01,2.321093E+03,4.420933E+03,7.055145E-02,5.410042E-01
14:05:00,3.696024E+03,4.198171E+03,1.123435E-01,5.137447E-01,1.535310E+03,2.060598E+03,4.666696E-02,2.521624E-01,3.581501E+03,4.186547E+03,1.088625E-01,5.123223E-01,1.535310E+03,1.984727E+03,4.666696E-02,2.428791E-01,2.321093E+03,4.451788E+03,7.055145E-02,5.447827E-01
14:10:00,3.696024E+03,4.222580E+03,1.123435E-01,5.167341E-01,1.535310E+03,2.056787E+03,4.666696E-02,2.516973E-01,3.581501E+03,4.204685E+03,1.088625E-01,5.145443E-01,1.535310E+03,2.023452E+03,4.666696E-02,2.476193E-01,2.321093E+03,4.482666E+03,7.055145E-02,5.485639E-01
14:15:00,3.696024E+03,4.247268E+03,1.123435E-01,5.197575E-01,1.535310E+03,2.053998E+03,4.666696E-02,2.513571E-01,3.581501E+03,4.222604E+03,1.088625E-01,5.167393E-01,1.535310E+03,2.066618E+03,4.666696E-02,2.529029E-01,2.321093E+03,4.513604E+03,7.055145E-02,5.523523E-01
14:20:00,3.696024E+03,4.272284E+03,1.123435E-01,5.228208E-01,1.535310E+03,2.051913E+03,4.666696E-02,2.511029E-01,3.581501E+03,4.240279E+03,1.088625E-01,5.189042E-01,1.535310E+03,2.114067E+03,4.666696E-02,2.587107E-01,2.321093E+03,4.544628E+03,7.055145E-02,5.561511E-01
14:25:00,3.696024E+03,4.297661E+03,1.123435E-01,5.259279E-01,1.535310E+03,2.050416E+03,4.666696E-02,2.509205E-01,3.581501E+03,4.257678E+03,1.088625E-01,5.210351E-01,1.535310E+03,2.165690E+03,4.666696E-02,2.650291E-01,2.321093E+03,4.575742E+03,7.055145E-02,5.599608E-01
14:30:00,3.696024E+03,4.323425E+03,1.123435E-01,5.290824E-01,1.535310E+03,2.049410E+03,4.666696E-02,2.507981E-01,3.581501E+03,4.274769E+03,1.088625E-01,5.231281E-01,1.535310E+03,2.221354E+03,4.666696E-02,2.718421E-01,2.321093E+03,4.606943E+03,7.055145E-02,5.637810E-01
14:35:00,3.696024E+03,4.349599E+03,1.123435E-01,5.322869E-01,1.535310E+03,2.048853E+03,4.666696E-02,2.507306E-01,3.581501E+03,4.291522E+03,1.088625E-01,5.251796E-01,1.535310E+03,2.280866E+03,4.666696E-02,2.791260E-01,2.321093E+03,4.638222E+03,7.055145E-02,5.676107E-01
14:40:00,3.696024E+03,4.376202E+03,1.123435E-01,5.355439E-01,1.535310E+03,2.048684E+03,4.666696E-02,2.507106E-01,3.581501E+03,4.307906E+03,1.088625E-01,5.271860E-01,1.535310E+03,2.343983E+03,4.666696E-02,2.868510E-01,2.321093E+03,4.669570E+03,7.055145E-02,5.714487E-01
14:45:00,3.696024E+03,4.403110E+03,1.123435E-01,5.388382E-01,1.535310E+03,2.048142E+03,4.666696E-02,2.506448E-01,3.581501E+03,4.322235E+03,1.088625E-01,5.289409E-01,1.535310E+03,2.410887E+03,4.666696E-02,2.950394E-01,2.321093E+03,4.700973E+03,7.055145E-02,5.752934E-01
14:50:00,3.696024E+03,4.430152E+03,1.123435E-01,5.421489E-01,1.535310E+03,2.047750E+03,4.666696E-02,2.505975E-01,3.581501E+03,4.335818E+03,1.088625E-01,5.306044E-01,1.535310E+03,2.480909E+03,4.666696E-02,3.036094E-01,2.321093E+03,4.732411E+03,7.055145E-02,5.791423E-01
14:55:00,3.696024E+03,4.457225E+03,1.123435E-01,5.454633E-01,1.535310E+03,2.047501E+03,4.666696E-02,2.505676E-01,3.581501E+03,4.348755E+03,1.088625E-01,5.321888E-01,1.535310E+03,2.553701E+03,4.666696E-02,3.125184E-01,2.321093E+03,4.763861E+03,7.055145E-02,5.829927E-01
15:00:00,3.696024E+03,4.484249E+03,1.123435E-01,5.487718E-01,1.535310E+03,2.047347E+03,4.666696E-02,2.505495E-01,3.581501E+03,4.361007E+03,1.088625E-01,5.336895E-01,1.535310E+03,2.628863E+03,4.666696E-02,3.217175E-01,2.321093E+03,4.795301E+03,7.055145E-02,5.868419E-01
15:05:00,3.696024E+03,4.497901E+03,1.123435E-01,5.504438E-01,1.535310E+03,2.041454E+03,4.666696E-02,2.498288E-01,3.581501E+03,4.359445E+03,1.088625E-01,5.334996E-01,1.535310E+03,2.700213E+03,4.666696E-02,3.304500E-01,2.321093E+03,4.800829E+03,7.055145E-02,5.875199E-01
15:10:00,3.696024E+03,4.510327E+03,1.123435E-01,5.519656E-01,1.535310E+03,2.035160E+03,4.666696E-02,2.490592E-01,3.581501E+03,4.356217E+03,1.088625E-01,5.331056E-01,1.535310E+03,2.772731E+03,4.666696E-02,3.393254E-01,2.321093E+03,4.805030E+03,7.055145E-02,5.880351E-01
15:15:00,3.696024E+03,4.521747E+03,1.123435E-01,5.533640E-01,1.535310E+03,2.028562E+03,4.666696E-02,2.482521E-01,3.581501E+03,4.351601E+03,1.088625E-01,5.325416E-01,1.535310E+03,2.846158E+03,4.666696E-02,3.483118E-01,2.321093E+03,4.808199E+03,7.055145E-02,5.884240E-01
15:20:00,3.696024E+03,4.532187E+03,1.123435E-01,5.546422E-01,1.535310E+03,2.021671E+03,4.666696E-02,2.474091E-01,3.581501E+03,4.345685E+03,1.088625E-01,5.318181E-01,1.535310E+03,2.920153E+03,4.666696E-02,3.573676E-01,2.321093E+03,4.810483E+03,7.055145E-02,5.887041E-01
15:25:00,3.696024E+03,4.541651E+03,1.123435E-01,5.558007E-01,1.535310E+03,2.014490E+03,4.666696E-02,2.465303E-01,3.581501E+03,4.338522E+03,1.088625E-01,5.309417E-01,1.535310E+03,2.994374E+03,4.666696E-02,3.664508E-01,2.321093E+03,4.811967E+03,7.055145E-02,5.888862E-01
15:30:00,3.696024E+03,4.550133E+03,1.123435E-01,5.568388E-01,1.535310E+03,2.007015E+03,4.666696E-02,2.456156E-01,3.581501E+03,4.330153E+03,1.088625E-01,5.299176E-01,1.535310E+03,3.068484E+03,4.666696E-02,3.755204E-01,2.321093E+03,4.812718E+03,7.055145E-02,5.889784E-01
15:35:00,3.696024E+03,4.557614E+03,1.123435E-01,5.577544E-01,1.535310E+03,1.999240E+03,4.666696E-02,2.446642E-01,3.581501E+03,4.320603E+03,1.088625E-01,5.287489E-01,1.535310E+03,3.142114E+03,4.666696E-02,3.845311E-01,2.321093E+03,4.812757E+03,7.055145E-02,5.889833E-01
15:40:00,3.696024E+03,4.564104E+03,1.123435E-01,5.585486E-01,1.535310E+03,1.991167E+03,4.666696E-02,2.436762E-01,3.581501E+03,4.309911E+03,1.088625E-01,5.274405E-01,1.535310E+03,3.215041E+03,4.666696E-02,3.934558E-01,2.321093E+03,4.812173E+03,7.055145E-02,5.889121E-01
15:45:00,3.696024E+03,4.569621E+03,1.123435E-01,5.592237E-01,1.535310E+03,1.983475E+03,4.666696E-02,2.427348E-01,3.581501E+03,4.299745E+03,1.088625E-01,5.261963E-01,1.535310E+03,3.286412E+03,4.666696E-02,4.021900E-01,2.321093E+03,4.810949E+03,7.055145E-02,5.887624E-01
15:50:00,3.696024E+03,4.574103E+03,1.123435E-01,5.597721E-01,1.535310E+03,1.975614E+03,4.666696E-02,2.417729E-01,3.581501E+03,4.288788E+03,1.088625E-01,5.248554E-01,1.535310E+03,3.356339E+03,4.666696E-02,4.107475E-01,2.321093E+03,4.809134E+03,7.055145E-02,5.885403E-01
15:55:00,3.696024E+03,4.577503E+03,1.123435E-01,5.601882E-01,1.535310E+03,1.967535E+03,4.666696E-02,2.407841E-01,3.581501E+03,4.276948E+03,1.088625E-01,5.234064E-01,1.535310E+03,3.424569E+03,4.666696E-02,4.190974E-01,2.321093E+03,4.806753E+03,7.055145E-02,5.882488E-01
16:00:00,3.696024E+03,4.579772E+03,1.123435E-01,5.604659E-01,1.535310E+03,1.959214E+03,4.666696E-02,2.397658E-01,3.581501E+03,4.264200E+03,1.088625E-01,5.218463E-01,1.535310E+03,3.490896E+03,4.666696E-02,4.272143E-01,2.321093E+03,4.803821E+03,7.055145E-02,5.878900E-01
16:05:00,3.696024E+03,4.574041E+03,1.123435E-01,5.597644E-01,1.535310E+03,1.947702E+03,4.666696E-02,2.383569E-01,3.581501E+03,4.243716E+03,1.088625E-01,5.193395E-01,1.535310E+03,3.552162E+03,4.666696E-02,4.347118E-01,2.321093E+03,4.787075E+03,7.055145E-02,5.858406E-01
16:10:00,3.696024E+03,4.567027E+03,1.123435E-01,5.589059E-01,1.535310E+03,1.935883E+03,4.666696E-02,2.369105E-01,3.581501E+03,4.222239E+03,1.088625E-01,5.167110E-01,1.535310E+03,3.611054E+03,4.666696E-02,4.419187E-01,2.321093E+03,4.769546E+03,7.055145E-02,5.836953E-01
16:15:00,3.696024E+03,4.558736E+03,1.123435E-01,5.578912E-01,1.535310E+03,1.923766E+03,4.666696E-02,2.354277E-01,3.581501E+03,4.199812E+03,1.088625E-01,5.139663E-01,1.535310E+03,3.667407E+03,4.666696E-02,4.488151E-01,2.321093E+03,4.751291E+03,7.055145E-02,5.814610E-01
16:20:00,3.696024E+03,4.549114E+03,1.123435E-01,5.567135E-01,1.535310E+03,1.911350E+03,4.666696E-02,2.339082E-01,3.581501E+03,4.176449E+03,1.088625E-01,5.111071E-01,1.535310E+03,3.721056E+03,4.666696E-02,4.553804E-01,2.321093E+03,4.732342E+03,7.055145E-02,5.791418E-01
16:25:00,3.696024E+03,4.538025E+03,1.123435E-01,5.553563E-01,1.535310E+03,1.898630E+03,4.666696E-02,2.323515E-01,3.581501E+03,4.152157E+03,1.088625E-01,5.081341E-01,1.535310E+03,3.771846E+03,4.666696E-02,4.615959E-01,2.321093E+03,4.712715E+03,7.055145E-02,5.767397E-01
16:30:00,3.696024E+03,4.525305E+03,1.123435E-01,5.537997E-01,1.535310E+03,1.885601E+03,4.666696E-02,2.307569E-01,3.581501E+03,4.126939E+03,1.088625E-01,5.050479E-01,1.535310E+03,3.819631E+03,4.666696E-02,4.674436E-01,2.321093E+03,4.692420E+03,7.055145E-02,5.742559E-01
16:35:00,3.696024E+03,4.510814E+03,1.123435E-01,5.520262E-01,1.535310E+03,1.872262E+03,4.666696E-02,2.291245E-01,3.581501E+03,4.100808E+03,1.088625E-01,5.018500E-01,1.535310E+03,3.864313E+03,4.666696E-02,4.729116E-01,2.321093E+03,4.671475E+03,7.055145E-02,5.716926E-01
16:40:00,3.696024E+03,4.494379E+03,1.123435E-01,5.500148E-01,1.535310E+03,1.858602E+03,4.666696E-02,2.274528E-01,3.581501E+03,4.073751E+03,1.088625E-01,4.985387E-01,1.535310E+03,3.905688E+03,4.666696E-02,4.779749E-01,2.321093E+03,4.649846E+03,7.055145E-02,5.690455E-01
16:45:00,3.696024E+03,4.475887E+03,1.123435E-01,5.477517E-01,1.535310E+03,1.844622E+03,4.666696E-02,2.257419E-01,3.581501E+03,4.045781E+03,1.088625E-01,4.951157E-01,1.535310E+03,3.943730E+03,4.666696E-02,4.826304E-01,2.321093E+03,4.627583E+03,7.055145E-02,5.663208E-01
16:50:00,3.696024E+03,4.455215E+03,1.123435E-01,5.452218E-01,1.535310E+03,1.830312E+03,4.666696E-02,2.239907E-01,3.581501E+03,4.016891E+03,1.088625E-01,4.915802E-01,1.535310E+03,3.978285E+03,4.666696E-02,4.868590E-01,2.321093E+03,4.604659E+03,7.055145E-02,5.635154E-01
16:55:00,3.696024E+03,4.432237E+03,1.123435E-01,5.424098E-01,1.535310E+03,1.815668E+03,4.666696E-02,2.221986E-01,3.581501E+03,3.987078E+03,1.088625E-01,4.879317E-01,1.535310E+03,4.009236E+03,4.666696E-02,4.906466E-01,2.321093E+03,4.581067E+03,7.055145E-02,5.606281E-01
17:00:00,3.696024E+03,4.406882E+03,1.123435E-01,5.393067E-01,1.535310E+03,1.800692E+03,4.666696E-02,2.203657E-01,3.581501E+03,3.956358E+03,1.088625E-01,4.841722E-01,1.535310E+03,4.036462E+03,4.666696E-02,4.939784E-01,2.321093E+03,4.556787E+03,7.055145E-02,5.576567E-01
17:05:00,3.696024E+03,4.343990E+03,1.123435E-01,5.316099E-01,1.535310E+03,1.769542E+03,4.666696E-02,2.165536E-01,3.581501E+03,3.889692E+03,1.088625E-01,4.760136E-01,1.535310E+03,4.044090E+03,4.666696E-02,4.949118E-01,2.321093E+03,4.466604E+03,7.055145E-02,5.466201E-01
17:10:00,3.696024E+03,4.277661E+03,1.123435E-01,5.234922E-01,1.535310E+03,1.737637E+03,4.666696E-02,2.126489E-01,3.581501E+03,3.821239E+03,1.088625E-01,4.676360E-01,1.535310E+03,4.047369E+03,4.666696E-02,4.953127E-01,2.321093E+03,4.374664E+03,7.055145E-02,5.353676E-01
17:15:00,3.696024E+03,4.208081E+03,1.123435E-01,5.149759E-01,1.535310E+03,1.705085E+03,4.666696E-02,2.086648E-01,3.581501E+03,3.751259E+03,1.088625E-01,4.590709E-01,1.535310E+03,4.046329E+03,4.666696E-02,4.951840E-01,2.321093E+03,4.281132E+03,7.055145E-02,5.239200E-01
17:20:00,3.696024E+03,4.135297E+03,1.123435E-01,5.060667E-01,1.535310E+03,1.671926E+03,4.666696E-02,2.046061E-01,3.581501E+03,3.679840E+03,1.088625E-01,4.503291E-01,1.535310E+03,4.040900E+03,4.666696E-02,4.945167E-01,2.321093E+03,4.186183E+03,7.055145E-02,5.122984E-01
17:25:00,3.696024E+03,4.057217E+03,1.123435E-01,4.965087E-01,1.535310E+03,1.637476E+03,4.666696E-02,2.003891E-01,3.581501E+03,3.605338E+03,1.088625E-01,4.412094E-01,1.535310E+03,4.029051E+03,4.666696E-02,4.930628E-01,2.321093E+03,4.089870E+03,7.055145E-02,5.005094E-01
17:30:00,3.696024E+03,3.975812E+03,1.123435E-01,4.865434E-01,1.535310E+03,1.602320E+03,4.666696E-02,1.960855E-01,3.581501E+03,3.529182E+03,1.088625E-01,4.318869E-01,1.535310E+03,4.012317E+03,4.666696E-02,4.910108E-01,2.321093E+03,3.992253E+03,7.055145E-02,4.885604E-01
17:35:00,3.696024E+03,3.891344E+03,1.123435E-01,4.762030E-01,1.535310E+03,1.566514E+03,4.666696E-02,1.917023E-01,3.581501E+03,3.451519E+03,1.088625E-01,4.223799E-01,1.535310E+03,3.990784E+03,4.666696E-02,4.883714E-01,2.321093E+03,3.893385E+03,7.055145E-02,4.764581E-01
17:40:00,3.696024E+03,3.803980E+03,1.123435E-01,4.655082E-01,1.535310E+03,1.530086E+03,4.666696E-02,1.872430E-01,3.581501E+03,3.372404E+03,1.088625E-01,4.126949E-01,1.535310E+03,3.964406E+03,4.666696E-02,4.851393E-01,2.321093E+03,3.793278E+03,7.055145E-02,4.642039E-01
17:45:00,3.696024E+03,3.713906E+03,1.123435E-01,4.544817E-01,1.535310E+03,1.493061E+03,4.666696E-02,1.827105E-01,3.581501E+03,3.291907E+03,1.088625E-01,4.028409E-01,1.535310E+03,3.933127E+03,4.666696E-02,4.813073E-01,2.321093E+03,3.691962E+03,7.055145E-02,4.518017E-01
17:50:00,3.696024E+03,3.621309E+03,1.123435E-01,4.431465E-01,1.535310E+03,1.455458E+03,4.666696E-02,1.781075E-01,3.581501E+03,3.210058E+03,1.088625E-01,3.928214E-01,1.535310E+03,3.896875E+03,4.666696E-02,4.768668E-01,2.321093E+03,3.589470E+03,7.055145E-02,4.392553E-01
17:55:00,3.696024E+03,3.526385E+03,1.123435E-01,4.315265E-01,1.535310E+03,1.417297E+03,4.666696E-02,1.734360E-01,3.581501E+03,3.126916E+03,1.088625E-01,3.826437E-01,1.535310E+03,3.855567E+03,4.666696E-02,4.718077E-01,2.321093E+03,3.485832E+03,7.055145E-02,4.265687E-01
18:00:00,3.696024E+03,3.429283E+03,1.123435E-01,4.196400E-01,1.535310E+03,1.378585E+03,4.666696E-02,1.686971E-01,3.581501E+03,3.042481E+03,1.088625E-01,3.723077E-01,1.535310E+03,3.809124E+03,4.666696E-02,4.661201E-01,2.321093E+03,3.381087E+03,7.055145E-02,4.137466E-01
18:05:00,3.696024E+03,3.331875E+03,1.123435E-01,4.077169E-01,1.535310E+03,1.340770E+03,4.666696E-02,1.640684E-01,3.581501E+03,2.958556E+03,1.088625E-01,3.620348E-01,1.535310E+03,3.758920E+03,4.666696E-02,4.599726E-01,2.321093E+03,3.272623E+03,7.055145E-02,4.004705E-01
18:10:00,3.696024E+03,3.230182E+03,1.123435E-01,3.952697E-01,1.535310E+03,1.301325E+03,4.666696E-02,1.592403E-01,3.581501E+03,2.870892E+03,1.088625E-01,3.513048E-01,1.535310E+03,3.702162E+03,4.666696E-02,4.530233E-01,2.321093E+03,3.159825E+03,7.055145E-02,3.866649E-01
18:15:00,3.696024E+03,3.125165E+03,1.123435E-01,3.824165E-01,1.535310E+03,1.260578E+03,4.666696E-02,1.542531E-01,3.581501E+03,2.780272E+03,1.088625E-01,3.402136E-01,1.535310E+03,3.639096E+03,4.666696E-02,4.453030E-01,2.321093E+03,3.043539E+03,7.055145E-02,3.724328E-01
18:20:00,3.696024E+03,3.017583E+03,1.123435E-01,3.692500E-01,1.535310E+03,1.218649E+03,4.666696E-02,1.491216E-01,3.581501E+03,2.686986E+03,1.088625E-01,3.287967E-01,1.535310E+03,3.569801E+03,4.666696E-02,4.368213E-01,2.321093E+03,2.924157E+03,7.055145E-02,3.578223E-01
18:25:00,3.696024E+03,2.910070E+03,1.123435E-01,3.560925E-01,1.535310E+03,1.176328E+03,4.666696E-02,1.439423E-01,3.581501E+03,2.592922E+03,1.088625E-01,3.172850E-01,1.535310E+03,3.496127E+03,4.666696E-02,4.278045E-01,2.321093E+03,2.802036E+03,7.055145E-02,3.428770E-01
18:30:00,3.696024E+03,2.801034E+03,1.123435E-01,3.427490E-01,1.535310E+03,1.133132E+03,4.666696E-02,1.386561E-01,3.581501E+03,2.496877E+03,1.088625E-01,3.055312E-01,1.535310E+03,3.416395E+03,4.666696E-02,4.180467E-01,2.321093E+03,2.677449E+03,7.055145E-02,3.276302E-01
18:35:00,3.696024E+03,2.690518E+03,1.123435E-01,3.292246E-01,1.535310E+03,1.089093E+03,4.666696E-02,1.332668E-01,3.581501E+03,2.398899E+03,1.088625E-01,2.935411E-01,1.535310E+03,3.330385E+03,4.666696E-02,4.075207E-01,2.321093E+03,2.550640E+03,7.055145E-02,3.121116E-01
18:40:00,3.696024E+03,2.578710E+03,1.123435E-01,3.155422E-01,1.535310E+03,1.044262E+03,4.666696E-02,1.277806E-01,3.581501E+03,2.299112E+03,1.088625E-01,2.813297E-01,1.535310E+03,3.237981E+03,4.666696E-02,3.962124E-01,2.321093E+03,2.421814E+03,7.055145E-02,2.963464E-01
18:45:00,3.696024E+03,2.465675E+03,1.123435E-01,3.017097E-01,1.535310E+03,9.986874E+02,4.666696E-02,1.222035E-01,3.581501E+03,2.197597E+03,1.088625E-01,2.689069E-01,1.535310E+03,3.139098E+03,4.666696E-02,3.841113E-01,2.321093E+03,2.291141E+03,7.055145E-02,2.803554E-01
18:50:00,3.696024E+03,2.351541E+03,1.123435E-01,2.877428E-01,1.535310E+03,9.524137E+02,4.666696E-02,1.165408E-01,3.581501E+03,2.094462E+03,1.088625E-01,2.562860E-01,1.535310E+03,3.033682E+03,4.666696E-02,3.712109E-01,2.321093E+03,2.158763E+03,7.055145E-02,2.641557E-01
18:55:00,3.696024E+03,2.234987E+03,1.123435E-01,2.734798E-01,1.535310E+03,9.052290E+02,4.666696E-02,1.107667E-01,3.581501E+03,1.989165E+03,1.088625E-01,2.434004E-01,1.535310E+03,2.917807E+03,4.666696E-02,3.570307E-01,2.321093E+03,2.024760E+03,7.055145E-02,2.477573E-01
19:00:00,3.696024E+03,2.117399E+03,1.123435E-01,2.590903E-01,1.535310E+03,8.573952E+02,4.666696E-02,1.049131E-01,3.581501E+03,1.882345E+03,1.088625E-01,2.303287E-01,1.535310E+03,2.794845E+03,4.666696E-02,3.419833E-01,2.321093E+03,1.889275E+03,7.055145E-02,2.311776E-01
19:05:00,3.696024E+03,2.033687E+03,1.123435E-01,2.488463E-01,1.535310E+03,8.241794E+02,4.666696E-02,1.008484E-01,3.581501E+03,1.808765E+03,1.088625E-01,2.213244E-01,1.535310E+03,2.680374E+03,4.666696E-02,3.279752E-01,2.321093E+03,1.817556E+03,7.055145E-02,2.224010E-01
19:10:00,3.696024E+03,1.950434E+03,1.123435E-01,2.386585E-01,1.535310E+03,7.909088E+02,4.666696E-02,9.677702E-02,3.581501E+03,1.734990E+03,1.088625E-01,2.122965E-01,1.535310E+03,2.560332E+03,4.666696E-02,3.132854E-01,2.321093E+03,1.745568E+03,7.055145E-02,2.135918E-01
19:15:00,3.696024E+03,1.867302E+03,1.123435E-01,2.284857E-01,1.535310E+03,7.575299E+02,4.666696E-02,9.269248E-02,3.581501E+03,1.660877E+03,1.088625E-01,2.032274E-01,1.535310E+03,2.433678E+03,4.666696E-02,2.977871E-01,2.321093E+03,1.673174E+03,7.055145E-02,2.047331E-01
19:20:00,3.696024E+03,1.783068E+03,1.123435E-01,2.181783E-01,1.535310E+03,7.239104E+02,4.666696E-02,8.857857E-02,3.581501E+03,1.586106E+03,1.088625E-01,1.940779E-01,1.535310E+03,2.297749E+03,4.666696E-02,2.811542E-01,2.321093E+03,1.600258E+03,7.055145E-02,1.958106E-01
19:25:00,3.696024E+03,1.698532E+03,1.123435E-01,2.078341E-01,1.535310E+03,6.901880E+02,4.666696E-02,8.445214E-02,3.581501E+03,1.511003E+03,1.088625E-01,1.848880E-01,1.535310E+03,2.156144E+03,4.666696E-02,2.638272E-01,2.321093E+03,1.526766E+03,7.055145E-02,1.868176E-01
19:30:00,3.696024E+03,1.613470E+03,1.123435E-01,1.974257E-01,1.535310E+03,6.563386E+02,4.666696E-02,8.031022E-02,3.581501E+03,1.435497E+03,1.088625E-01,1.756488E-01,1.535310E+03,2.009176E+03,4.666696E-02,2.458441E-01,2.321093E+03,1.452647E+03,7.055145E-02,1.777481E-01
19:35:00,3.696024E+03,1.528663E+03,1.123435E-01,1.870485E-01,1.535310E+03,6.224890E+02,4.666696E-02,7.616830E-02,3.581501E+03,1.359885E+03,1.088625E-01,1.663968E-01,1.535310E+03,1.860445E+03,4.666696E-02,2.276452E-01,2.321093E+03,1.377873E+03,7.055145E-02,1.685985E-01
19:40:00,3.696024E+03,1.444253E+03,1.123435E-01,1.767199E-01,1.535310E+03,5.886995E+02,4.666696E-02,7.203374E-02,3.581501E+03,1.284302E+03,1.088625E-01,1.571483E-01,1.535310E+03,1.712043E+03,4.666696E-02,2.094867E-01,2.321093E+03,1.302433E+03,7.055145E-02,1.593673E-01
19:45:00,3.696024E+03,1.360178E+03,1.123435E-01,1.664324E-01,1.535310E+03,5.546701E+02,4.666696E-02,6.786985E-02,3.581501E+03,1.208031E+03,1.088625E-01,1.478156E-01,1.535310E+03,1.566091E+03,4.666696E-02,1.916279E-01,2.321093E+03,1.226374E+03,7.055145E-02,1.500606E-01
19:50:00,3.696024E+03,1.277456E+03,1.123435E-01,1.563105E-01,1.535310E+03,5.210841E+02,4.666696E-02,6.376023E-02,3.581501E+03,1.132723E+03,1.088625E-01,1.386008E-01,1.535310E+03,1.424975E+03,4.666696E-02,1.743608E-01,2.321093E+03,1.149697E+03,7.055145E-02,1.406782E-01
19:55:00,3.696024E+03,1.197731E+03,1.123435E-01,1.465552E-01,1.535310E+03,4.883071E+02,4.666696E-02,5.974959E-02,3.581501E+03,1.059248E+03,1.088625E-01,1.296103E-01,1.535310E+03,1.293614E+03,4.666696E-02,1.582874E-01,2.321093E+03,1.072495E+03,7.055145E-02,1.312315E-01
20:00:00,3.696024E+03,1.119866E+03,1.123435E-01,1.370276E-01,1.535310E+03,4.561904E+02,4.666696E-02,5.581977E-02,3.581501E+03,9.872375E+02,1.088625E-01,1.207991E-01,1.535310E+03,1.169497E+03,4.666696E-02,1.431004E-01,2.321093E+03,9.948008E+02,7.055145E-02,1.217248E-01
20:05:00,3.696024E+03,1.056519E+03,1.123435E-01,1.292763E-01,1.535310E+03,4.302851E+02,4.666696E-02,5.264997E-02,3.581501E+03,9.293735E+02,1.088625E-01,1.137188E-01,1.535310E+03,1.058127E+03,4.666696E-02,1.294731E-01,2.321093E+03,9.459654E+02,7.055145E-02,1.157492E-01
20:10:00,3.696024E+03,9.977679E+02,1.123435E-01,1.220875E-01,1.535310E+03,4.064952E+02,4.666696E-02,4.973901E-02,3.581501E+03,8.763230E+02,1.088625E-01,1.072275E-01,1.535310E+03,9.559033E+02,4.666696E-02,1.169649E-01,2.321093E+03,9.016790E+02,7.055145E-02,1.103302E-01
20:15:00,3.696024E+03,9.429733E+02,1.123435E-01,1.153828E-01,1.535310E+03,3.844786E+02,4.666696E-02,4.704505E-02,3.581501E+03,8.272469E+02,1.088625E-01,1.012225E-01,1.535310E+03,8.640832E+02,4.666696E-02,1.057297E-01,2.321093E+03,8.605456E+02,7.055145E-02,1.052971E-01
20:20:00,3.696024E+03,8.927925E+02,1.123435E-01,1.092427E-01,1.535310E+03,3.642625E+02,4.666696E-02,4.457139E-02,3.581501E+03,7.822156E+02,1.088625E-01,9.571240E-02,1.535310E+03,7.858264E+02,4.666696E-02,9.615420E-02,2.321093E+03,8.221891E+02,7.055145E-02,1.006037E-01
20:25:00,3.696024E+03,8.467028E+02,1.123435E-01,1.036031E-01,1.535310E+03,3.456602E+02,4.666696E-02,4.229520E-02,3.581501E+03,7.407928E+02,1.088625E-01,9.064388E-02,1.535310E+03,7.182030E+02,4.666696E-02,8.787976E-02,2.321093E+03,7.863486E+02,7.055145E-02,9.621823E-02
20:30:00,3.696024E+03,8.047171E+02,1.123435E-01,9.846569E-02,1.535310E+03,3.286496E+02,4.666696E-02,4.021377E-02,3.581501E+03,7.029504E+02,1.088625E-01,8.601346E-02,1.535310E+03,6.615208E+02,4.666696E-02,8.094409E-02,2.321093E+03,7.528345E+02,7.055145E-02,9.211740E-02
20:35:00,3.696024E+03,7.660441E+02,1.123435E-01,9.373364E-02,1.535310E+03,3.130665E+02,4.666696E-02,3.830701E-02,3.581501E+03,6.683168E+02,1.088625E-01,8.177567E-02,1.535310E+03,6.127971E+02,4.666696E-02,7.498223E-02,2.321093E+03,7.214942E+02,7.055145E-02,8.828257E-02
20:40:00,3.696024E+03,7.304729E+02,1.123435E-01,8.938111E-02,1.535310E+03,2.988214E+02,4.666696E-02,3.656398E-02,3.581501E+03,6.367025E+02,1.088625E-01,7.790731E-02,1.535310E+03,5.705516E+02,4.666696E-02,6.981304E-02,2.321093E+03,6.921988E+02,7.055145E-02,8.469796E-02
20:45:00,3.696024E+03,6.981015E+02,1.123435E-01,8.542013E-02,1.535310E+03,2.861919E+02,4.666696E-02,3.501861E-02,3.581501E+03,6.087886E+02,1.088625E-01,7.449175E-02,1.535310E+03,5.332664E+02,4.666696E-02,6.525081E-02,2.321093E+03,6.647946E+02,7.055145E-02,8.134475E-02
20:50:00,3.696024E+03,6.678737E+02,1.123435E-01,8.172144E-02,1.535310E+03,2.744782E+02,4.666696E-02,3.358532E-02,3.581501E+03,5.829003E+02,1.088625E-01,7.132405E-02,1.535310E+03,4.991326E+02,4.666696E-02,6.107417E-02,2.321093E+03,6.392022E+02,7.055145E-02,7.821324E-02
20:55:00,3.696024E+03,6.395553E+02,1.123435E-01,7.825638E-02,1.535310E+03,2.635560E+02,4.666696E-02,3.224888E-02,3.581501E+03,5.587658E+02,1.088625E-01,6.837093E-02,1.535310E+03,4.676953E+02,4.666696E-02,5.722748E-02,2.321093E+03,6.153110E+02,7.055145E-02,7.528989E-02
21:00:00,3.696024E+03,6.129802E+02,1.123435E-01,7.500463E-02,1.535310E+03,2.533426E+02,4.666696E-02,3.099916E-02,3.581501E+03,5.362045E+02,1.088625E-01,6.561032E-02,1.535310E+03,4.386359E+02,4.666696E-02,5.367175E-02,2.321093E+03,5.930069E+02,7.055145E-02,7.256074E-02
21:05:00,3.696024E+03,5.846631E+02,1.123435E-01,7.153974E-02,1.535310E+03,2.420409E+02,4.666696E-02,2.961628E-02,3.581501E+03,5.117404E+02,1.088625E-01,6.261687E-02,1.535310E+03,4.106733E+02,4.666696E-02,5.025023E-02,2.321093E+03,5.650410E+02,7.055145E-02,6.913881E-02
21:10:00,3.696024E+03,5.567729E+02,1.123435E-01,6.812708E-02,1.535310E+03,2.307136E+02,4.666696E-02,2.823027E-02,3.581501E+03,4.871266E+02,1.088625E-01,5.960511E-02,1.535310E+03,3.843250E+02,4.666696E-02,4.702624E-02,2.321093E+03,5.360724E+02,7.055145E-02,6.559419E-02
21:15:00,3.696024E+03,5.295013E+02,1.123435E-01,6.479011E-02,1.535310E+03,2.194451E+02,4.666696E-02,2.685144E-02,3.581501E+03,4.626048E+02,1.088625E-01,5.660461E-02,1.535310E+03,3.595163E+02,4.666696E-02,4.399063E-02,2.321093E+03,5.068850E+02,7.055145E-02,6.202279E-02
21:20:00,3.696024E+03,5.028427E+02,1.123435E-01,6.152814E-02,1.535310E+03,2.082419E+02,4.666696E-02,2.548060E-02,3.581501E+03,4.382023E+02,1.088625E-01,5.361870E-02,1.535310E+03,3.361106E+02,4.666696E-02,4.112670E-02,2.321093E+03,4.775679E+02,7.055145E-02,5.843553E-02
21:25:00,3.696024E+03,4.762778E+02,1.123435E-01,5.827765E-02,1.535310E+03,1.971056E+02,4.666696E-02,2.411797E-02,3.581501E+03,4.139305E+02,1.088625E-01,5.064879E-02,1.535310E+03,3.139840E+02,4.666696E-02,3.841927E-02,2.321093E+03,4.481799E+02,7.055145E-02,5.483960E-02
21:30:00,3.696024E+03,4.499551E+02,1.123435E-01,5.505678E-02,1.535310E+03,1.860379E+02,4.666696E-02,2.276371E-02,3.581501E+03,3.897974E+02,1.088625E-01,4.769586E-02,1.535310E+03,2.930267E+02,4.666696E-02,3.585493E-02,2.321093E+03,4.187634E+02,7.055145E-02,5.124017E-02
21:35:00,3.696024E+03,4.238794E+02,1.123435E-01,5.186615E-02,1.535310E+03,1.750398E+02,4.666696E-02,2.141798E-02,3.581501E+03,3.658091E+02,1.088625E-01,4.476063E-02,1.535310E+03,2.731412E+02,4.666696E-02,3.342173E-02,2.321093E+03,3.893503E+02,7.055145E-02,4.764117E-02
21:40:00,3.696024E+03,3.980543E+02,1.123435E-01,4.870617E-02,1.535310E+03,1.641124E+02,4.666696E-02,2.008090E-02,3.581501E+03,3.419697E+02,1.088625E-01,4.184362E-02,1.535310E+03,2.542401E+02,4.666696E-02,3.110898E-02,2.321093E+03,3.599656E+02,7.055145E-02,4.404563E-02
21:45:00,3.696024E+03,3.724806E+02,1.123435E-01,4.557695E-02,1.535310E+03,1.532563E+02,4.666696E-02,1.875254E-02,3.581501E+03,3.182818E+02,1.088625E-01,3.894516E-02,1.535310E+03,2.362451E+02,4.666696E-02,2.890709E-02,2.321093E+03,3.306289E+02,7.055145E-02,4.045597E-02
21:50:00,3.696024E+03,3.471569E+02,1.123435E-01,4.247833E-02,1.535310E+03,1.424720E+02,4.666696E-02,1.743296E-02,3.581501E+03,2.947471E+02,1.088625E-01,3.606543E-02,1.535310E+03,2.190853E+02,4.666696E-02,2.680741E-02,2.321093E+03,3.013564E+02,7.055145E-02,3.687416E-02
21:55:00,3.696024E+03,3.220803E+02,1.123435E-01,3.940995E-02,1.535310E+03,1.317594E+02,4.666696E-02,1.612216E-02,3.581501E+03,2.713658E+02,1.088625E-01,3.320449E-02,1.535310E+03,2.026969E+02,4.666696E-02,2.480212E-02,2.321093E+03,2.721611E+02,7.055145E-02,3.330181E-02
22:00:00,3.696024E+03,2.972467E+02,1.123435E-01,3.637129E-02,1.535310E+03,1.211183E+02,4.666696E-02,1.482011E-02,3.581501E+03,2.481376E+02,1.088625E-01,3.036227E-02,1.535310E+03,1.870218E+02,4.666696E-02,2.288411E-02,2.321093E+03,2.430541E+02,7.055145E-02,2.974025E-02
22:05:00,3.696024E+03,2.759863E+02,1.123435E-01,3.376985E-02,1.535310E+03,1.119452E+02,4.666696E-02,1.369768E-02,3.581501E+03,2.283803E+02,1.088625E-01,2.794475E-02,1.535310E+03,1.730270E+02,4.666696E-02,2.117168E-02,2.321093E+03,2.211782E+02,7.055145E-02,2.706350E-02
22:10:00,3.696024E+03,2.559985E+02,1.123435E-01,3.132414E-02,1.535310E+03,1.033067E+02,4.666696E-02,1.264067E-02,3.581501E+03,2.098156E+02,1.088625E-01,2.567317E-02,1.535310E+03,1.599287E+02,4.666696E-02,1.956898E-02,2.321093E+03,2.006785E+02,7.055145E-02,2.455515E-02
22:15:00,3.696024E+03,2.369754E+02,1.123435E-01,2.899645E-02,1.535310E+03,9.507658E+01,4.666696E-02,1.163363E-02,3.581501E+03,1.921420E+02,1.088625E-01,2.351061E-02,1.535310E+03,1.475715E+02,4.666696E-02,1.805694E-02,2.321093E+03,1.812830E+02,7.055145E-02,2.218190E-02
22:20:00,3.696024E+03,2.188178E+02,1.123435E-01,2.677468E-02,1.535310E+03,8.721437E+01,4.666696E-02,1.067160E-02,3.581501E+03,1.752637E+02,1.088625E-01,2.144537E-02,1.535310E+03,1.358898E+02,4.666696E-02,1.662756E-02,2.321093E+03,1.628428E+02,7.055145E-02,1.992555E-02
22:25:00,3.696024E+03,2.014493E+02,1.123435E-01,2.464946E-02,1.535310E+03,7.968821E+01,4.666696E-02,9.750699E-03,3.581501E+03,1.591077E+02,1.088625E-01,1.946851E-02,1.535310E+03,1.248286E+02,4.666696E-02,1.527411E-02,2.321093E+03,1.452465E+02,7.055145E-02,1.777246E-02
22:30:00,3.696024E+03,1.848185E+02,1.123435E-01,2.261451E-02,1.535310E+03,7.247607E+01,4.666696E-02,8.868216E-03,3.581501E+03,1.436249E+02,1.088625E-01,1.757403E-02,1.535310E+03,1.143450E+02,4.666696E-02,1.399132E-02,2.321093E+03,1.284398E+02,7.055145E-02,1.571597E-02
22:35:00,3.696024E+03,1.688559E+02,1.123435E-01,2.066131E-02,1.535310E+03,6.554873E+01,4.666696E-02,8.020583E-03,3.581501E+03,1.287494E+02,1.088625E-01,1.575386E-02,1.535310E+03,1.043895E+02,4.666696E-02,1.277316E-02,2.321093E+03,1.123185E+02,7.055145E-02,1.374336E-02
22:40:00,3.696024E+03,1.535072E+02,1.123435E-01,1.878324E-02,1.535310E+03,5.888312E+01,4.666696E-02,7.204974E-03,3.581501E+03,1.144304E+02,1.088625E-01,1.400178E-02,1.535310E+03,9.492057E+01,4.666696E-02,1.161454E-02,2.321093E+03,9.681666E+01,7.055145E-02,1.184655E-02
22:45:00,3.696024E+03,1.387255E+02,1.123435E-01,1.697453E-02,1.535310E+03,5.245903E+01,4.666696E-02,6.418919E-03,3.581501E+03,1.006238E+02,1.088625E-01,1.231239E-02,1.535310E+03,8.590106E+01,4.666696E-02,1.051091E-02,2.321093E+03,8.187888E+01,7.055145E-02,1.001875E-02
22:50:00,3.696024E+03,1.244688E+02,1.123435E-01,1.523008E-02,1.535310E+03,4.625851E+01,4.666696E-02,5.660220E-03,3.581501E+03,8.729077E+01,1.088625E-01,1.068095E-02,1.535310E+03,7.729723E+01,4.666696E-02,9.458137E-03,2.321093E+03,6.795887E+01,7.055145E-02,8.315490E-03
22:55:00,3.696024E+03,1.107002E+02,1.123435E-01,1.354534E-02,1.535310E+03,4.026553E+01,4.666696E-02,4.926915E-03,3.581501E+03,7.439692E+01,1.088625E-01,9.103253E-03,1.535310E+03,6.907854E+01,4.666696E-02,8.452493E-03,2.321093E+03,5.580753E+01,7.055145E-02,6.828652E-03
23:00:00,3.696024E+03,9.738649E+01,1.123435E-01,1.191627E-02,1.535310E+03,3.446584E+01,4.666696E-02,4.217261E-03,3.581501E+03,6.213488E+01,1.088625E-01,7.602862E-03,1.535310E+03,6.121729E+01,4.666696E-02,7.490586E-03,2.321093E+03,4.474560E+01,7.055145E-02,5.475107E-03
23:05:00,3.696024E+03,8.445105E+01,1.123435E-01,1.033348E-02,1.535310E+03,2.885925E+01,4.666696E-02,3.531235E-03,3.581501E+03,5.109907E+01,1.088625E-01,6.252514E-03,1.535310E+03,5.367245E+01,4.666696E-02,6.567394E-03,2.321093E+03,3.502824E+01,7.055145E-02,4.286085E-03
23:10:00,3.696024E+03,7.185912E+01,1.123435E-01,8.792726E-03,1.535310E+03,2.391072E+01,4.666696E-02,2.925730E-03,3.581501E+03,4.124173E+01,1.088625E-01,5.046363E-03,1.535310E+03,4.641807E+01,4.666696E-02,5.679744E-03,2.321093E+03,2.660578E+01,7.055145E-02,3.255507E-03
23:15:00,3.696024E+03,5.995201E+01,1.123435E-01,7.335765E-03,1.535310E+03,1.938631E+01,4.666696E-02,2.372122E-03,3.581501E+03,3.252371E+01,1.088625E-01,3.979621E-03,1.535310E+03,3.943208E+01,4.666696E-02,4.824934E-03,2.321093E+03,1.943262E+01,7.055145E-02,2.377795E-03
23:20:00,3.696024E+03,4.922591E+01,1.123435E-01,6.023313E-03,1.535310E+03,1.537656E+01,4.666696E-02,1.881486E-03,3.581501E+03,2.490991E+01,1.088625E-01,3.047992E-03,1.535310E+03,3.282705E+01,4.666696E-02,4.016738E-03,2.321093E+03,1.346682E+01,7.055145E-02,1.647815E-03
23:25:00,3.696024E+03,3.964499E+01,1.123435E-01,4.850986E-03,1.535310E+03,1.186586E+01,4.666696E-02,1.451914E-03,3.581501E+03,1.836829E+01,1.088625E-01,2.247555E-03,1.535310E+03,2.690709E+01,4.666696E-02,3.292369E-03,2.321093E+03,8.669635E+00,7.055145E-02,1.060829E-03
23:30:00,3.696024E+03,3.116118E+01,1.123435E-01,3.812901E-03,1.535310E+03,8.833708E+00,4.666696E-02,1.080899E-03,3.581501E+03,1.285498E+01,1.088625E-01,1.572943E-03,1.535310E+03,2.163763E+01,4.666696E-02,2.647594E-03,2.321093E+03,4.969297E+00,7.055145E-02,6.080535E-04
23:35:00,3.696024E+03,2.375439E+01,1.123435E-01,2.906602E-03,1.535310E+03,6.270883E+00,4.666696E-02,7.673096E-04,3.581501E+03,8.352743E+00,1.088625E-01,1.022047E-03,1.535310E+03,1.699704E+01,4.666696E-02,2.079768E-03,2.321093E+03,2.361460E+00,7.055145E-02,2.889570E-04
23:40:00,3.696024E+03,1.739818E+01,1.123435E-01,2.128852E-03,1.535310E+03,4.165732E+00,4.666696E-02,5.097221E-04,3.581501E+03,4.838152E+00,1.088625E-01,5.919993E-04,1.535310E+03,1.296199E+01,4.666696E-02,1.586037E-03,2.321093E+03,8.175400E-01,7.055145E-02,1.000420E-04
23:45:00,3.696024E+03,1.206689E+01,1.123435E-01,1.476513E-03,1.535310E+03,2.506996E+00,4.666696E-02,3.067582E-04,3.581501E+03,2.288434E+00,1.088625E-01,2.800141E-04,1.535310E+03,9.510415E+00,4.666696E-02,1.163700E-03,2.321093E+03,3.096090E-01,7.055145E-02,3.789120E-05
23:50:00,3.696024E+03,7.736590E+00,1.123435E-01,9.466540E-04,1.535310E+03,1.284159E+00,4.666696E-02,1.571310E-04,3.581501E+03,6.823282E-01,1.088625E-01,8.349010E-05,1.535310E+03,6.621781E+00,4.666696E-02,8.102452E-04,2.321093E+03,3.096090E-01,7.055145E-02,3.789120E-05
23:55:00,3.696024E+03,4.384920E+00,1.123435E-01,5.365415E-04,1.535310E+03,4.874008E-01,4.666696E-02,5.963920E-05,3.581501E+03,0.000000E+00,1.088625E-01,0.000000E+00,1.535310E+03,4.277009E+00,4.666696E-02,5.233374E-04,2.321093E+03,0.000000E+00,7.055145E-02,0.000000E+00
24:00:00,3.696024E+03,1.991028E+00,1.123435E-01,2.436234E-04,1.535310E+03,1.075500E-01,4.666696E-02,1.316042E-05,3.581501E+03,0.000000E+00,1.088625E-01,0.000000E+00,1.535310E+03,2.458355E+00,4.666696E-02,3.008058E-04,2.321093E+03,0.000000E+00,7.055145E-02,0.000000E+00
Peak,3.696024E+03,4.579772E+03,1.123435E-01,5.604659E-01,1.535310E+03,3.991469E+03,4.666696E-02,4.884718E-01,3.581501E+03,4.642535E+03,1.088625E-01,5.681400E-01,1.535310E+03,4.047369E+03,4.666696E-02,4.953127E-01,2.321093E+03,4.812757E+03,7.055145E-02,5.889833E-01

Peak Vol Flow (m3/s),,,9.760251E-02,4.869250E-01,,,4.054361E-02,4.243775E-01,,,9.457824E-02,4.935922E-01,,,4.054361E-02,4.303208E-01,,,6.129412E-02,5.117005E-01
